step,tracking_mse,mean_control,target_mean
0,0.010072961911474037,0.039509475669873145,0.017968926771381826
1,0.010044138253446199,0.03948621493338531,0.017971756699662927
2,0.010015702189848052,0.03946298317055704,0.017975323425717768
3,0.009987586826687362,0.039439780830350116,0.017979334830821977
4,0.009960088589300621,0.03941660676068614,0.01798230891925538
5,0.009933098217874893,0.03939346215429907,0.017986415661556565
6,0.009906602943186122,0.03937034645287822,0.017990034912758166
7,0.009880458428691523,0.03934726034642998,0.01799432196376468
8,0.009854808187287288,0.03932420278777857,0.017997669002539834
9,0.009829685140461059,0.03930117270462553,0.018000051720143715
10,0.009805040579102671,0.03927817015236781,0.018002513206739637
11,0.009780862470934643,0.03925519488464378,0.01800477411160276
12,0.0097568379162349,0.03923224904453519,0.018009046635950085
13,0.009733003770468302,0.039209334334641924,0.018014925069283302
14,0.009709504003829528,0.039186451890055096,0.01802188564313595
15,0.009686518674534189,0.03916360000500074,0.01802729906194961
16,0.009664006343475836,0.0391407787285889,0.018032788512551173
17,0.009642003722460057,0.039117987316443725,0.018037619334911364
18,0.009620449060922078,0.03909522671548094,0.018043356795352038
19,0.009599316115907763,0.0390724974095039,0.018049573033029374
20,0.009578669690706318,0.03904979871440229,0.01805518713024343
21,0.009558440726647867,0.03902713118613742,0.018061346617291012
22,0.009538596556452249,0.039004494502900715,0.01806723930030239
23,0.009518994982879149,0.038981889786764375,0.01807420178407109
24,0.009499896145640849,0.03895931529016198,0.018079578117881516
25,0.009481197586912885,0.03893677057076602,0.018084575108718106
26,0.00946290229294264,0.03891425413595764,0.018088219822255728
27,0.009444862472933527,0.03889176761526673,0.018093401644375156
28,0.009427046607459582,0.03886931242647188,0.018099926138561345
29,0.009409270797085855,0.0388468925703026,0.018110186343804402
30,0.009391980382620627,0.038824506339930454,0.018118901484975223
31,0.009375024009392054,0.03880215433319251,0.018128203804807303
32,0.009358460228415301,0.03877983515620571,0.018136249715784983
33,0.009342237724839683,0.03875754817424012,0.01814374074361296
34,0.009326263994188028,0.03873529427776058,0.018152088470969014
35,0.009310602963517186,0.0387130735075978,0.01816050709000075
36,0.009295332132865777,0.03869088537572629,0.018168506959899907
37,0.00928035057800272,0.03866873019622632,0.018176830283153672
38,0.009265551273553527,0.03864660916932241,0.01818629787779931
39,0.00925111077748402,0.038624522123747576,0.018195641044479096
40,0.009237076163633808,0.03860246800913858,0.018204045633941075
41,0.009223568070767239,0.038580443910079296,0.01820978369497479
42,0.009210554711136501,0.03855844751737009,0.01821341362378131
43,0.009197765250641664,0.038536479696403454,0.018217872548265884
44,0.00918485894361838,0.038514545120281886,0.018226686991244183
45,0.009171915038476785,0.038492646564322414,0.018238104417065196
46,0.009159406935922468,0.03847078170930455,0.018247410436674417
47,0.009147108948698373,0.038448950893682395,0.018257063540640273
48,0.00913512594676879,0.03842715337822965,0.01826606621522329
49,0.009123517121503387,0.03840538775493646,0.01827379847712725
50,0.009111972904039612,0.038383656064467364,0.018283452135399177
51,0.009100829474965624,0.038361956762899385,0.01829171016818596
52,0.0090899073701309,0.0383402908624783,0.01830093785449619
53,0.009079243550323616,0.038318658428840136,0.018310259716017067
54,0.009068932750388439,0.03829705812740459,0.018318379321852662
55,0.009058838980074481,0.03827549017568212,0.018326732458462044
56,0.009049121062804017,0.03825395363294527,0.01833424690082428
57,0.009039508952115744,0.03823244906854384,0.018342319927910144
58,0.009030036281710186,0.03821097737099624,0.018351247635586838
59,0.009020909468959457,0.038189537052098675,0.018358830243623378
60,0.009011756787509522,0.038168129768397896,0.018367978069884994
61,0.009002509011120166,0.0381467585594705,0.01837997335414343
62,0.008993252120981862,0.038125425573543155,0.018393993811929018
63,0.008984340208519546,0.038104130596048114,0.018407853818876985
64,0.008975855353182864,0.03808287177952478,0.01842004122259024
65,0.008967727173379124,0.03806164761044922,0.018430863376228648
66,0.008959845523862755,0.03804045781922427,0.01844147055031247
67,0.008952250628559725,0.03801930154841072,0.01845131817704316
68,0.008944869853447225,0.037998178617914935,0.01846103257083666
69,0.008937666705309282,0.03797708935717466,0.018471085339880806
70,0.008930777088931391,0.03795603220707403,0.018479728152890517
71,0.00892400376047397,0.037935008523854154,0.018489658855334552
72,0.008917535199242155,0.03791401756644314,0.018498936846983345
73,0.008911214339678793,0.03789306076251875,0.01850956948830951
74,0.008905269329501343,0.037872136326455974,0.01851858292661592
75,0.00889938239736171,0.03785124534442877,0.01852863444941958
76,0.00889360701712865,0.03783038789350861,0.018538790788714805
77,0.008887934897660892,0.03780956448373901,0.01854945292166692
78,0.00888219705825585,0.03778877718705704,0.018562067555992736
79,0.00887647217304383,0.037768027791235746,0.018576373648809968
80,0.00887088353838342,0.03774731642446723,0.01859083633890822
81,0.008865631782051962,0.037726641823816826,0.018604167674090392
82,0.008860578372987106,0.0377060034020899,0.018616992076666658
83,0.00885575080661652,0.0376853997347426,0.01862853363607294
84,0.008851249839862484,0.03766482849252968,0.018637953241294792
85,0.00884704569281972,0.03764428880227375,0.018646596774077588
86,0.008842927957065403,0.037623781122335026,0.01865569626641446
87,0.00883880708876611,0.03760330707883989,0.01866633344166548
88,0.008834651701472384,0.03758286819396966,0.018678413680469207
89,0.00883054126211097,0.037562465405711,0.01869139758410372
90,0.00882654103065191,0.03754209929725355,0.018704957574731656
91,0.00882283446012258,0.0375217678534028,0.018716688324338718
92,0.00881943362044822,0.03750146841693384,0.018725993345100743
93,0.008816091852270315,0.03748120214407078,0.018736400951146252
94,0.008812844403262776,0.03746096913586488,0.01874693528675166
95,0.008809741266898924,0.03744076967583461,0.018757765404140606
96,0.008806841255631116,0.03742060277153789,0.01876771014183506
97,0.008804101925591513,0.03740046844810273,0.018777710701943572
98,0.008801425189679158,0.03738036685460552,0.01878788187661421
99,0.008798755630205508,0.037360298590002027,0.01879864036988645
100,0.008796092234015625,0.03734026538597024,0.018811035597612387
101,0.008793575522251896,0.037320266563074925,0.018822836779196116
102,0.008791085867571996,0.03730030344004386,0.01883589338616362
103,0.008788784241689348,0.037280375544210015,0.01884854803833141
104,0.008786592438979607,0.037260483699856836,0.018862001143120546
105,0.008784330592407488,0.037240629645080334,0.018877099647535797
106,0.008782274271609939,0.03722081196139046,0.01889092252482364
107,0.008780405651777592,0.037201029588058966,0.018903799617420027
108,0.008778779695494253,0.037181281408031265,0.018915677710552744
109,0.008777370144575044,0.03716156640929927,0.018926652952480316
110,0.008776136979531775,0.03714188344198746,0.018936596676149244
111,0.008775090744338201,0.03712223090907125,0.018945093704754525
112,0.008774213107375254,0.037102607977138005,0.018952849489401628
113,0.008773503961194045,0.037083013357797914,0.01895944192149806
114,0.008772828689978775,0.0370634474257833,0.018966409640555966
115,0.008771858417778005,0.037043913530867514,0.01897650768894834
116,0.008770760254457713,0.03702441425130204,0.018989025044318538
117,0.008769616872262772,0.03700495188126594,0.019003701254916978
118,0.008768394968440636,0.0369855278355982,0.019019724411137962
119,0.008767344691898077,0.03696614110068559,0.01903484736095939
120,0.008766421793588655,0.036946790599921245,0.019049010763322643
121,0.008765594973052298,0.0369274754298075,0.019062373827940172
122,0.008764953250016212,0.036908194552569704,0.019074811320734252
123,0.008764252406726502,0.036888948419378086,0.019087700856624805
124,0.008763643878725198,0.03686973704520691,0.019100639001619884
125,0.008763281381401549,0.036850558360143004,0.01911169531937077
126,0.008763100452794872,0.03683141168997577,0.019122160057146287
127,0.008763013684251588,0.036812296105929544,0.01913179683235912
128,0.008762960595350772,0.03679321117482043,0.01914106359748988
129,0.00876293113376871,0.03677415694795181,0.019150408518699907
130,0.008762758424946717,0.03675513598482621,0.01916215405387497
131,0.008762465399399387,0.03673615089154355,0.019176345908286062
132,0.008762216546898315,0.03671720119571608,0.019190136236482105
133,0.00876208011128839,0.036698285892477665,0.019203031530511103
134,0.008762220482662997,0.03667940215377825,0.01921334265227274
135,0.008762384918213401,0.03666054975000395,0.01922347273313308
136,0.00876269236895821,0.03664172819274635,0.0192331819189018
137,0.008763031175176643,0.03662293889144386,0.019244226986728428
138,0.008763514023505212,0.03660418103884652,0.019254556856874577
139,0.008764032860561875,0.036585454163224965,0.0192644813892615
140,0.008764562077469463,0.036566758408270165,0.019274569945810633
141,0.008764982432197116,0.03654809529271525,0.01928609585742493
142,0.008765451096779491,0.03652946424535834,0.019297125517801147
143,0.008765662417699275,0.036510868213827714,0.019310916531812532
144,0.008765804545544213,0.03649230797598464,0.019325462803575773
145,0.008766000405084122,0.036473782797811626,0.019339365223196216
146,0.008766200416244478,0.03645529196706022,0.019352643213174724
147,0.008766374189091543,0.03643683634587033,0.019366753828274106
148,0.008766756275013688,0.036418414434159725,0.019379510687899937
149,0.00876700065544362,0.03640002743684726,0.01939341692262562
150,0.00876719967721098,0.03638167492099915,0.019406957207108194
151,0.008767534072884532,0.03636335594713568,0.01941966208445878
152,0.008767958214216809,0.03634506974241776,0.019431684912023888
153,0.0087684721539285,0.036326815790701475,0.019443262597707827
154,0.008769197045892541,0.03630859196679518,0.019452904766356804
155,0.008769936544864585,0.03629039743559859,0.019461803821798775
156,0.00877041488598301,0.03627223451004298,0.019472873772999204
157,0.008770786721487749,0.0362541041561103,0.019484869757564326
158,0.00877096197974843,0.03623600798765174,0.01949839262040047
159,0.00877131950701688,0.03621794394695662,0.019510044381056992
160,0.008771663722428463,0.03619991177453865,0.0195214880043954
161,0.008771936038272265,0.0361819124187759,0.01953384162383832
162,0.008772242448622871,0.03616394631207129,0.019546628433034247
163,0.00877261598680518,0.036146012779021956,0.019558823118234408
164,0.008773049876618758,0.0361281114697444,0.01957072641092177
165,0.008773512148314722,0.03611024279489206,0.019583042162023362
166,0.008774026849144832,0.03609240658446873,0.019595233143655518
167,0.008774560773454385,0.036074602647501376,0.019607279762854164
168,0.008775254557634872,0.036056829199976194,0.019617706790842716
169,0.008775811974103515,0.03603908729289845,0.019629137461335166
170,0.00877628915776122,0.036021376675861715,0.019640367814435074
171,0.008776625217924154,0.036003697679273396,0.019651935390379738
172,0.008776925583054708,0.03598605105241461,0.019664228365583753
173,0.008777117227670696,0.03596843780855038,0.019677491918868216
174,0.008777090167124305,0.035950859631868545,0.01969234828833625
175,0.008777181888527876,0.035933315059626235,0.019705885333429554
176,0.008777368781411683,0.03591580284396113,0.019718300554892144
177,0.008777473032311769,0.03589832332998663,0.019731067682393216
178,0.008777421847153919,0.035880878072789425,0.019745307406647667
179,0.00877728556576528,0.03586346755602879,0.019760029220352596
180,0.008776959240175132,0.03584609271315426,0.019775650079606275
181,0.00877682912055054,0.03582875175318109,0.0197896482935583
182,0.008776782210110422,0.03581144400802691,0.019803061795605748
183,0.008776829543160461,0.03579416841252014,0.019815522242500733
184,0.008776973345656608,0.03577692351321122,0.019826669052406015
185,0.008776997486819284,0.03575971020489798,0.01983867507503239
186,0.008776789934631032,0.035742530116668954,0.019852221103944686
187,0.008776608193652051,0.03572538311336594,0.019865675206468977
188,0.008776492944594419,0.03570826876134488,0.019878760871640446
189,0.008776312458273108,0.03569118655053654,0.019891406901768653
190,0.00877610709374525,0.03567413674680721,0.01990433124560411
191,0.008775853139803549,0.03565711961346323,0.01991753179868557
192,0.008775412529459492,0.035640136281821465,0.019931812537749862
193,0.008774997447211375,0.03562318735326513,0.019946683914846365
194,0.008774669518969894,0.03560627241792182,0.019961210183525584
195,0.008774283701443402,0.035589391092070655,0.019975415148336114
196,0.008774000507994578,0.03557254257080958,0.019988908442914302
197,0.00877375085171704,0.03555572728456086,0.020002833081267195
198,0.008773658339986952,0.03553894322724282,0.02001493347154908
199,0.008773478375849943,0.035522190338669137,0.020027009362721556
200,0.008773138930780707,0.035505469812017104,0.020040221216421888
201,0.00877266868233629,0.03548878290467185,0.020054629677520964
202,0.008772076063087672,0.03547213024021321,0.02006964914667097
203,0.008771543403046159,0.03545551105158104,0.020083992617832155
204,0.008771012572221142,0.0354389251442055,0.020098189407562365
205,0.008770344567862349,0.0354223730506111,0.02011291255680137
206,0.008769792953175683,0.03540585388918395,0.020126853210654362
207,0.008769250056844712,0.035389368200057475,0.020141326920232648
208,0.00876869858131133,0.0353729159045618,0.020155761259611694
209,0.00876823346880222,0.03535649670075495,0.02016994941674432
210,0.008767772256729641,0.035340111366679194,0.020184891075055746
211,0.008767360924588836,0.035323759855297024,0.02019982304985619
212,0.008767057098882085,0.035307440817264786,0.020213539455070404
213,0.00876667581197114,0.03529115428838354,0.020227321482778025
214,0.008766228247640636,0.03527489981630587,0.020240717179426874
215,0.008765772491052808,0.03525867777503635,0.020254491233416508
216,0.008765395138090168,0.03524248769162207,0.0202678597988485
217,0.008765048851448557,0.035226329032848565,0.0202807666050527
218,0.00876428826633981,0.035210203290159156,0.020295085801910157
219,0.008763382607395688,0.03519411117020147,0.020310092218234824
220,0.008762503606183953,0.03517805236838585,0.02032485022981069
221,0.008761468061445336,0.03516202837871605,0.020341024896347735
222,0.008760522592980052,0.035146038176623165,0.020356285700115807
223,0.008759589828371953,0.03513008174191934,0.02037156159900393
224,0.008758446094597023,0.03511416182959024,0.020389422177939265
225,0.008757370252116793,0.035098278823906884,0.02040767508574422
226,0.00875640505648184,0.03508243119843771,0.020424551537628243
227,0.008755496139843772,0.03506661810711133,0.020440679970317933
228,0.008754470785527742,0.03505084061618669,0.020457830213928167
229,0.008753575159300656,0.03503509733116049,0.02047372485118221
230,0.008752784888144282,0.035019386975442,0.020488471665883575
231,0.00875198120121201,0.03500370899837479,0.020502741542839036
232,0.00875104964183593,0.03498806341825163,0.020517060736192753
233,0.008750183412758308,0.034972448464605385,0.02052977300506376
234,0.008749326704946573,0.034956864121014355,0.020542500695135666
235,0.008748347042900948,0.034941311886041125,0.02055664655320961
236,0.00874715091017154,0.034925792570045446,0.020571574853001037
237,0.008745857131349934,0.034910305913808504,0.02058629605435751
238,0.008744472801218237,0.03489485260320738,0.020601684986841545
239,0.008743147756680163,0.034879431996912215,0.020616513441022777
240,0.00874189104161264,0.034864043015099364,0.02063037476279529
241,0.00874058009647699,0.034848685555462486,0.020644172980954674
242,0.008739232834163481,0.03483335920821661,0.020657623290755527
243,0.008737848218339955,0.034818064366753776,0.020671468964850188
244,0.00873628268554245,0.03480280289466039,0.02068707168769796
245,0.008734625135336052,0.03478757576825724,0.020703611780623753
246,0.008732857859629012,0.03477238405889136,0.020721178207264757
247,0.008731151247099712,0.03475722718490554,0.02073824147942255
248,0.008729478828449464,0.03474210479392952,0.02075501331822212
249,0.008727889271235937,0.03472701561960923,0.020770647089959855
250,0.008726322706650328,0.0347119588979296,0.02078560665698751
251,0.008724918798449971,0.034696932781144975,0.020798887801058735
252,0.008723312117505948,0.03468193816726515,0.02081303104056408
253,0.008721605377450457,0.034666975171813615,0.020827312749171496
254,0.008719992810484703,0.034652043183168106,0.020841059759309232
255,0.00871847313448206,0.034637141310747625,0.020854013164204106
256,0.008716840252561598,0.03462227098802001,0.02086832397036521
257,0.008714921986499407,0.034607432899246005,0.020883299900979778
258,0.00871306668496658,0.03459262557865516,0.020896950870685476
259,0.008711096863936268,0.034577849081271345,0.02091068355659673
260,0.008709252525117183,0.03456310140748543,0.020922595575805444
261,0.00870739672832447,0.03454838194451707,0.020933969029363786
262,0.008705383009318479,0.03453369269119307,0.020947221459336897
263,0.008703207873764324,0.034519034986413254,0.020961743820993202
264,0.008701052328289494,0.03450440908331036,0.020976532113359012
265,0.008698851391308453,0.03448981468006909,0.02099107274880996
266,0.00869671949544905,0.03447525159760609,0.021005479066170618
267,0.00869458592163849,0.03446071945825509,0.02101956701334766
268,0.008692545561289938,0.03444621653086023,0.021032082981541828
269,0.00869036456298393,0.034431743936056365,0.021045665786536775
270,0.00868816635258434,0.0344173020844053,0.0210596590739514
271,0.008686055335643657,0.03440289021096768,0.021072974827353767
272,0.008683960266231834,0.034388508568838,0.021086554905719656
273,0.008682018927512856,0.03437415556447461,0.021098689713837094
274,0.008680130260151644,0.034359829570313534,0.02110934615607289
275,0.008677962543853276,0.03434553154791392,0.021120919941048717
276,0.00867583074685624,0.03433126030481245,0.021131417565056976
277,0.008673829033521468,0.0343170140347143,0.021140269473198067
278,0.008671746700690163,0.034302793817035965,0.021150145814034228
279,0.008669698428848412,0.03428859881446327,0.021159272916394117
280,0.00866748020709358,0.03427443036657966,0.021169665588888
281,0.008665079857817925,0.0342602887979841,0.021180385370699023
282,0.008662548985353097,0.03424617556810615,0.02119248335543732
283,0.008659692920188306,0.034232092590245324,0.021206381252527585
284,0.008656737736515022,0.03421803956214989,0.02122002953891465
285,0.008653846747607254,0.03420401585372726,0.021233124356015223
286,0.008650983977520338,0.034190021648112495,0.02124641806228217
287,0.008648290723979607,0.03417605504662969,0.021257983238102806
288,0.008645583488243926,0.03416211466326493,0.02126829267184763
289,0.008642687385008481,0.034148202265577535,0.021280264952713117
290,0.008639879362159873,0.0341343166066743,0.021291110688510553
291,0.008637105224724802,0.034120456767460804,0.021301132149734323
292,0.008634314126520297,0.03410662269494768,0.021311130366424954
293,0.008631684309742975,0.03409281251328588,0.021319417452537008
294,0.008629119509517886,0.034079025938373864,0.021327465372526742
295,0.008626493100767574,0.0340652632457919,0.021335792066188037
296,0.008623803394849472,0.03405152521814702,0.021344867278311537
297,0.00862122212376194,0.03403781022166599,0.021352454402388553
298,0.008618712819237468,0.03402411656752985,0.02135850083633914
299,0.008616048854514866,0.03401044551525562,0.021365734832137873
300,0.008613395581494822,0.03399679599131082,0.021371997418209956
301,0.008610525388118252,0.03398316863337963,0.02137887198094711
302,0.008607757384848303,0.03396956218938517,0.02138460937925201
303,0.008604901621865564,0.03395597685606319,0.021390549854222896
304,0.008601812185831208,0.03394241376615684,0.02139756027610597
305,0.008598525281725911,0.03392887437084124,0.02140593662208481
306,0.008595192473215732,0.03391535922511243,0.021414850547866827
307,0.008591932085514741,0.03390186735817519,0.021422889838782867
308,0.008588754216942062,0.033888397827956294,0.02143008011846273
309,0.008585609905892879,0.03387495057137176,0.02143723432375778
310,0.008582506786095758,0.03386152617810303,0.021444956804017725
311,0.00857957809906343,0.033848122145305026,0.02145038469847961
312,0.00857654801528155,0.03383473801005696,0.021455404323018044
313,0.008573514418803527,0.03382137380554011,0.021460474568527156
314,0.008570456810396001,0.0338080282575685,0.02146438494294031
315,0.00856732007841336,0.03379470155293815,0.02146848693317499
316,0.008564290665271312,0.03378139190022668,0.021470949042311258
317,0.008561224551748983,0.033768099252831786,0.02147338505310158
318,0.008558073257328134,0.033754824745751116,0.021476888992951124
319,0.008554988650665786,0.03374156777636333,0.02147985309039626
320,0.00855175848762952,0.03372832894607273,0.021483391581364482
321,0.008548684615354508,0.03371510670910653,0.02148551694033545
322,0.008545483388182213,0.0337019019082836,0.021488439280464993
323,0.008542310288393178,0.03368871389891185,0.02149078211962953
324,0.008539118048071937,0.03367554230317737,0.02149279192253526
325,0.008536032327154478,0.03366238534231834,0.021493171137418277
326,0.008532640529341788,0.033649245291360604,0.021495671492550595
327,0.008529080037224808,0.03363612439473828,0.021500266937365287
328,0.008525558260927523,0.0336230216899574,0.021503990338360125
329,0.008522061255634343,0.03360993821933513,0.021508697039710766
330,0.00851864156841852,0.03359687414235427,0.0215135706444693
331,0.00851531056756151,0.03358382773398393,0.02151686639203434
332,0.008512150981576544,0.03357079682243968,0.021518168896715723
333,0.00850906283640481,0.03355778073112613,0.02151886042100694
334,0.008506156349130684,0.033544777909040625,0.021518130651956166
335,0.008503283864537189,0.033531787972772474,0.02151705914222353
336,0.00850036497326193,0.03351881272810756,0.021517672542307038
337,0.008497530614443785,0.03350585215158609,0.021518278911927695
338,0.00849461572852303,0.03349290654454009,0.02151917896084634
339,0.008491775676146606,0.03347997509317361,0.02151934046446025
340,0.008488871075400703,0.03346705923175079,0.02152084414612993
341,0.008486002448942377,0.03345415850527907,0.02152194212830733
342,0.008483336095668549,0.033441271818753,0.0215220413514998
343,0.008480785625086446,0.03342839864631651,0.021521667710893998
344,0.008478028995211469,0.03341553998920194,0.02152223465134196
345,0.008475263118499473,0.03340269590724785,0.021522871513191096
346,0.008472601285110458,0.033389865438243245,0.021522632014105553
347,0.008470111239186335,0.03337704736272878,0.021521276998910783
348,0.00846767801660024,0.03336423943837178,0.021517858143287494
349,0.008465327385173908,0.03335144019159621,0.02151308501655295
350,0.008462948300527632,0.03333864980679309,0.021508491299817398
351,0.008460420057922309,0.03332587064118344,0.021506089057122438
352,0.00845793391698986,0.033313102502821636,0.021503520306173543
353,0.00845547800846562,0.03330034568821757,0.02150123712868613
354,0.008452989813303046,0.03328760185277608,0.021500498057211406
355,0.008450544734821252,0.03327487147427425,0.02150021435108464
356,0.008448180844332043,0.03326215414061741,0.021499562532753497
357,0.008446001341412115,0.03324944922697946,0.021498345216593707
358,0.008444068747818854,0.03323675612289965,0.021496575078995665
359,0.008442280409293923,0.03322407484384743,0.02149483107455207
360,0.008440595288906408,0.033211406278263335,0.02149392152524592
361,0.008439264269480575,0.033198748069600985,0.0214908427020099
362,0.008438200772995343,0.03318609768965874,0.02148543330826227
363,0.008436848758826963,0.03317345615561202,0.02148097357232451
364,0.008435546617296535,0.0331608230315282,0.02147611904096357
365,0.008434364841061004,0.03314819867366772,0.021471602790345955
366,0.00843289270641379,0.033135586000203124,0.021469797317559915
367,0.008431548171607003,0.0331229852416529,0.021468216972217367
368,0.008430541155967551,0.03311039489464796,0.021465256533373306
369,0.00842966215601448,0.033097813753935126,0.021461190530919414
370,0.008428753474422429,0.033085241923600274,0.02145723011055024
371,0.008428002795352722,0.03307267860238737,0.021452537096840786
372,0.008427397148822027,0.033060123805740395,0.021447866892217247
373,0.008426753441453704,0.033047577574505896,0.021443243033062585
374,0.008426209866219515,0.033035039158141495,0.021437932792647267
375,0.008425756587086499,0.03302250906443127,0.021433100537567123
376,0.008425216946529186,0.03300998643444551,0.021427481299843412
377,0.008424811253249637,0.032997470486218546,0.021421145483543628
378,0.0084244671421523,0.032984961367744606,0.02141495338072694
379,0.008424031795307929,0.03297246066407865,0.02141023575111452
380,0.008423639495912918,0.032959969940688144,0.02140697604324129
381,0.008423478088335504,0.03294748926807675,0.02140379159680509
382,0.00842346475880049,0.03293501842113102,0.0214004087627726
383,0.008423796573946742,0.032922556032818,0.02139576998314863
384,0.008424154848038858,0.03291010366010787,0.021392581301214075
385,0.00842480072984358,0.032897661021102545,0.021389141618134495
386,0.00842545368799349,0.03288522872427686,0.021386275071398123
387,0.0084259439008639,0.03287280828106277,0.021384818340858494
388,0.00842665364451769,0.032860398739492244,0.0213824920120549
389,0.008427611780069712,0.03284799711594895,0.02137741397717902
390,0.008428519227782956,0.03283560282469013,0.02137180150593606
391,0.008429460909002992,0.03282321448491723,0.021364917849777725
392,0.008430573435913483,0.032810832669558386,0.02135857063414008
393,0.008431823070072432,0.032798457847453895,0.02135266405428831
394,0.008433457624749537,0.03278608891214225,0.0213457399662986
395,0.00843511614489127,0.03277372634949029,0.021339271641814535
396,0.008436915599416311,0.03276137148031489,0.021334032668561806
397,0.008438860527132023,0.03274902505736112,0.0213294983749715
398,0.008441005455915992,0.03273668652232241,0.021324455577070158
399,0.008443114961818087,0.032724356511000155,0.021320009372097142
400,0.008445322472940291,0.032712035279897966,0.02131580919416122
401,0.00844772931988758,0.03269972156305697,0.0213104456123075
402,0.008450308749570269,0.03268741467773481,0.02130445737586365
403,0.00845253522237121,0.03267511496446796,0.021298791282511133
404,0.00845494300715328,0.03266282133015296,0.021292120228354725
405,0.008457478659809742,0.03265053395781051,0.021285624716767895
406,0.008460139431480189,0.03263825385850302,0.021280071636056316
407,0.008462644008341274,0.03262598426097151,0.0212775154034102
408,0.008465350063406154,0.0326137240786403,0.021273963583918594
409,0.008468172688828697,0.03260147118870305,0.02126845561823593
410,0.008470873678451063,0.032589227319699675,0.021264555444833806
411,0.008473848900196894,0.0325769922517427,0.021260460692868275
412,0.008477290797622127,0.03256476425688981,0.021254774795365014
413,0.008481005227158956,0.0325525432455102,0.021249012979471103
414,0.008484576717199493,0.032540330130156926,0.021244103103590768
415,0.00848780082593099,0.03252812709264372,0.02124122132163363
416,0.008491202462473708,0.03251593300475791,0.0212373049761507
417,0.0084948521082773,0.032503747852862475,0.02123338495342583
418,0.008498450003237285,0.03249157124936896,0.021229114988498117
419,0.008502276137110507,0.03247940263505847,0.021224335776686348
420,0.00850638943122469,0.0324672415725378,0.021219159560370623
421,0.00851101411020216,0.0324550857316225,0.02121183331763048
422,0.008515899676359394,0.032442935665882716,0.021205024861451163
423,0.008521013717919733,0.03243079187840134,0.02119868799794686
424,0.008526079975884789,0.032418656214427605,0.021194065976787885
425,0.008530929663098725,0.03240652980283715,0.021190497334378305
426,0.008535526929096622,0.03239441354967206,0.021187776872202458
427,0.008540289201880484,0.03238230608077249,0.02118379419821448
428,0.008545055915729292,0.032370206890609474,0.021179352226130578
429,0.008549876608795751,0.032358115938786,0.021174881128136976
430,0.0085547859975939,0.0323460343453696,0.02117145536804166
431,0.008559797965970135,0.03233396212269916,0.021168050391252066
432,0.008564843438960835,0.03232189991139836,0.021165247955295115
433,0.008570104874624278,0.032309846070602985,0.021160936211976025
434,0.008575714690380622,0.03229780076096319,0.0211567815893185
435,0.008581455977793487,0.03228576386551106,0.021152527194167856
436,0.008587459256599615,0.03227373476434511,0.02114770723038251
437,0.008593539714287996,0.03226171315699179,0.02114261684460952
438,0.00859984810402226,0.03224969729107185,0.021135911379260235
439,0.008606218291421141,0.03223768746806922,0.0211294908071629
440,0.008612513014836702,0.032225685189079645,0.0211244661814165
441,0.008618518827521696,0.03221369159519827,0.02112050566928798
442,0.008624564421737022,0.0322017062155511,0.02111611784781952
443,0.008630519146345373,0.03218972998758242,0.02111260624455698
444,0.008636375361636235,0.032177765135849,0.02111116356774979
445,0.008642564979441532,0.032165812072444226,0.021110113835127
446,0.00864898755754739,0.032153868551437245,0.021106996325236913
447,0.008655355046569184,0.03214193441663671,0.021103743736128156
448,0.008661648367051118,0.03213001046280079,0.021101236420412915
449,0.008668034322826876,0.03211809621307229,0.021098297751225556
450,0.008674938050313054,0.03210618915135518,0.021093039067598393
451,0.00868182805678847,0.032094290779509684,0.02108917818331057
452,0.008688831405996161,0.03208240043649915,0.021084713917903793
453,0.00869617593185308,0.03207051677414095,0.021079009364093553
454,0.00870346008153916,0.03205863979067304,0.02107330985940487
455,0.008710126557820618,0.0320467706680766,0.021068711460637598
456,0.008716738403375248,0.03203491270357977,0.021067173911752342
457,0.008723681954098193,0.032023066551264606,0.02106625315250191
458,0.00873067825948599,0.03201123239775419,0.021065517004580474
459,0.00873787866036363,0.03199940904084413,0.0210636797032569
460,0.00874478392061803,0.03198759788070763,0.021063149655195883
461,0.008751662690157315,0.031975798416766336,0.021062168305435357
462,0.008758613208403963,0.03196400809286144,0.02105883183816536
463,0.008765855610100074,0.03195222609429848,0.021054750164185645
464,0.008773257516475636,0.03194045303745929,0.02105124753949724
465,0.008781004678327497,0.03192868840752587,0.02104727717318076
466,0.008788946226039986,0.03191693107949254,0.02104227356185428
467,0.008796393486872401,0.03190518278996231,0.021038885218158967
468,0.008803917542777253,0.03189344482321811,0.021036695063858347
469,0.008811567328361955,0.03188171652098668,0.021033905720039922
470,0.008819242987824447,0.03186999775419905,0.021031006532433356
471,0.008826761248514585,0.03185828976934081,0.021029271033613326
472,0.008834496955139184,0.03184659244417143,0.02102743313101829
473,0.008842491984875802,0.0318349057948621,0.021025620861470504
474,0.008850440754288974,0.031823231141207706,0.021025041300049774
475,0.008858663153721299,0.03181156785431584,0.02102389142651994
476,0.00886665233606925,0.03179991614011227,0.021022943591750685
477,0.008873938643544542,0.03178827703745186,0.021022969232316127
478,0.008881386352103523,0.031776651392167087,0.021023790662669375
479,0.008889031148743063,0.03176503921465155,0.0210246351740794
480,0.008896909122455917,0.03175343920662573,0.021024291042596257
481,0.008904550478558045,0.031741852112005496,0.021024647891589313
482,0.008912303271787056,0.03173027637398605,0.021023576168083646
483,0.008920051699039679,0.03171871004943297,0.02102071660260068
484,0.008928029242953292,0.031707153966030736,0.021018632825153982
485,0.008936098223276127,0.03169560792933809,0.021016379250614746
486,0.00894427868139681,0.03168407250549202,0.021014659923711446
487,0.008952477820038674,0.03167254812432555,0.02101334920320849
488,0.00896089065273822,0.031661035029394505,0.02101227504002437
489,0.008969383866698174,0.03164953410175552,0.021012027956258738
490,0.008977731035437949,0.0316380464056373,0.0210127784367376
491,0.008986384171559154,0.031626571375928836,0.021013018897798743
492,0.008994385439922892,0.031615109819750964,0.02101401935938844
493,0.00900195879160881,0.031603662533295426,0.02101577050905424
494,0.009009824116994799,0.031592228861354765,0.021016929254915814
495,0.00901800985712841,0.03158080705010533,0.0210164777044733
496,0.009026372712652216,0.03156939553718742,0.021014591385373836
497,0.009034634204918799,0.03155799521869923,0.021013545085156838
498,0.00904249005589686,0.031546605988222,0.021012411443483175
499,0.009050252553728285,0.03153522845022517,0.02101184858374856
500,0.009058257316620489,0.031523863671974614,0.021012285625632694
501,0.009066204620728073,0.031512513227004234,0.02101419240310735
502,0.009074410615651191,0.031501175623741884,0.021014732428536676
503,0.009082645306373392,0.031489851665385225,0.021016028997200162
504,0.009091344379177616,0.031478540227213726,0.021016297802893144
505,0.00910050414819432,0.031467239400620704,0.02101481190033818
506,0.0091095598025842,0.03145594854603477,0.021012744413641878
507,0.009118646399808094,0.03144466837060868,0.021011341670027755
508,0.009126827702471231,0.031433401137512834,0.02101204513371541
509,0.009134213120693293,0.031422150006379684,0.02101568712533403
510,0.00914172177681108,0.031410915034525914,0.021019398289930054
511,0.009149473614490176,0.03139969600272045,0.021022922622052558
512,0.009157532131308247,0.03138849089522136,0.021024596466530102
513,0.009165684228242876,0.031377298668586476,0.021025318085143917
514,0.009173720265572177,0.03136611852280331,0.021025311832319492
515,0.009181854491556484,0.03135494834031464,0.02102335695921696
516,0.009190235033203353,0.031343788645782765,0.021021897847838387
517,0.009198668179542445,0.03133263946763592,0.021020475546859912
518,0.009206966034647388,0.03132150240453106,0.021020544000171105
519,0.009214826938194278,0.03131038095785169,0.021023866590297376
520,0.00922312045793752,0.031299273498949925,0.021025696789550755
521,0.009231710878801118,0.03128817865538466,0.021026270197779303
522,0.00924018360211785,0.031277097343092676,0.021027704310952935
523,0.009248774217976674,0.03126602920969946,0.021028825682710396
524,0.009257194894040963,0.03125497415466028,0.021029867136384668
525,0.00926442260411482,0.03124393532504587,0.021033835622799694
526,0.009271624314392405,0.031232912592642544,0.021037701618260848
527,0.009279168855745396,0.03122190464844993,0.021040371673557715
528,0.00928709701427982,0.031210909353418963,0.02104107591607453
529,0.00929507661396437,0.031199927101289136,0.021042157381351505
530,0.009302868644495877,0.0311889583158435,0.02104364428125618
531,0.00931045173362574,0.03117800266387324,0.021044836121159222
532,0.009318156955536103,0.0311670601895343,0.021046081979671772
533,0.009326047414134163,0.031156131406133318,0.021047816299731237
534,0.009333935795635165,0.031145215889269832,0.021049171347351386
535,0.009341752686747917,0.031134313923164278,0.021050802828569717
536,0.009349453586166099,0.031123425364503805,0.02105231516347031
537,0.009357365804982172,0.031112550369374138,0.02105398542962914
538,0.00936524216463475,0.031101690032164862,0.021056682583000357
539,0.009372929538768929,0.031090844965448013,0.02105996159064122
540,0.009380554816593325,0.031080015931225665,0.021063961426240438
541,0.009387646777595066,0.031069205752025857,0.021070590746218542
542,0.009394212573832354,0.031058415459105582,0.021078193788808278
543,0.009400572744797078,0.0310476442356962,0.021085060450419312
544,0.009407337119376864,0.031036888961034577,0.021089056586041793
545,0.009414257431008115,0.031026147762817292,0.02109133505615061
546,0.009421299298429277,0.03101542029104545,0.021093303529622808
547,0.00942864796441065,0.031004706373687997,0.021095126441548633
548,0.009436292500713319,0.03099400366318946,0.02109478924540981
549,0.009443856090705118,0.030983311398266086,0.02109375836377586
550,0.009451177570264207,0.030972630194660178,0.021093308059460445
551,0.009458584683037273,0.0309619609451656,0.021093695477464623
552,0.009466102188048909,0.030951304717353866,0.021095083341699516
553,0.009472740974778803,0.03094066554580802,0.02110021995268435
554,0.009479087995556022,0.030930043698177492,0.021105621443463566
555,0.009485777980338646,0.030919437800757208,0.021109768309028967
556,0.009492274432329913,0.030908848844852024,0.021114848999664777
557,0.009498798118274223,0.030898275808539433,0.02111900040726176
558,0.009504939346373113,0.030887718704259385,0.02112317925294059
559,0.009510861760118434,0.03087717797865463,0.021127787588741946
560,0.009516755468166122,0.030866653707680068,0.021132482631843526
561,0.009522500789415302,0.03085614604440201,0.021137335857626414
562,0.00952843680021775,0.030845654211833346,0.021141486258604774
563,0.009534377899338118,0.03083517708384282,0.02114460977616107
564,0.00954060257164402,0.03082471227468335,0.02114553897322105
565,0.009546738310605872,0.030814260179452505,0.021146846320194455
566,0.00955267953868024,0.03080382385395254,0.021150995827636
567,0.009558454616374985,0.030793404954299546,0.021156694545620525
568,0.009564265003304775,0.030783003992462733,0.021162884735036296
569,0.009570316508263137,0.030772619701684243,0.02116791993830225
570,0.00957650859463881,0.030762251319508663,0.021172265835401414
571,0.009582905316865191,0.030751896600732714,0.02117454874919012
572,0.009588970911928438,0.03074155595526177,0.02117722486837655
573,0.009594937055390846,0.030731228921436666,0.021179487598681483
574,0.009600765916861482,0.030720915668724137,0.021181920854287
575,0.00960585389641165,0.030710619408163196,0.02118734107525328
576,0.009610505839239421,0.03070033910552416,0.02119182066831477
577,0.009615199406639876,0.030690074524387597,0.021196097312412298
578,0.009619850425167588,0.03067982602727061,0.02120072534198635
579,0.00962462167112261,0.030669593736429464,0.021205482655846184
580,0.009629653375879206,0.030659376885510677,0.021209546589401093
581,0.009634573086168401,0.030649175115148593,0.02121329321691262
582,0.009639344485206904,0.030638987324471997,0.021216035599787846
583,0.009644070491437626,0.030628813738612023,0.02121900041708264
584,0.009648715775426234,0.030618657013041138,0.021224438210017946
585,0.00965362112895048,0.03060851580003818,0.021228644973264377
586,0.009658424421572996,0.030598388965976858,0.021231817595107828
587,0.009663295467395064,0.03058827527055488,0.02123385616785423
588,0.009668114940795256,0.030578174904137948,0.02123608414376619
589,0.009672949158380717,0.030568088646764118,0.02123904770614162
590,0.009677598301833778,0.030558018013351684,0.021243428079695155
591,0.009682031647155859,0.03054796350350839,0.02124828667697227
592,0.009686262656129785,0.030537926030295363,0.02125400682477813
593,0.00969036955835946,0.03052790619054724,0.02126029663388858
594,0.009694068039554887,0.030517904264850914,0.021266863879136247
595,0.009697525553053199,0.03050792084312594,0.021273995260242203
596,0.009700918642792386,0.03049795606460384,0.021281274063403778
597,0.009704207654887172,0.030488008275742214,0.021287040451990966
598,0.009707321477720602,0.030478077452435724,0.021292801510464147
599,0.009710710511010186,0.03046816099657983,0.021296173882171622
600,0.009714273039748448,0.03045825685108619,0.02129765590987252
601,0.009718115096139181,0.0304483628862353,0.021297178285449095
602,0.009721724187089857,0.03043848095430266,0.021298425911569028
603,0.009725020821463561,0.030428614418850964,0.021302799980513213
604,0.009728159519565183,0.03041876429543024,0.02130812977003193
605,0.009731459496658365,0.03040892989407493,0.021312837114585186
606,0.009734729702075187,0.030399111775637668,0.021318079489204216
607,0.009737912646231152,0.030389310806157938,0.021324140035139827
608,0.00974134177672774,0.030379525166462393,0.02132853331029211
609,0.00974478586691988,0.030369754442113345,0.021332558176594317
610,0.009748166716646033,0.03035999731842671,0.02133538065819073
611,0.00975139039881428,0.030350253469550587,0.02133791502572535
612,0.00975440310929988,0.030340523651494714,0.021341162677079382
613,0.009756600694302621,0.03033081064242491,0.02134699673501301
614,0.009758549187551606,0.030321113094604907,0.02135159969797415
615,0.00976026445063824,0.03031142996845814,0.021355255551297334
616,0.009761777625262315,0.030301763935550036,0.021361399497989833
617,0.009763418181710292,0.030292114255182884,0.021366874706712218
618,0.009765244680039874,0.030282480655591974,0.021372114633962182
619,0.009767216517731936,0.030272861420975267,0.02137578193642059
620,0.009769176441425068,0.030263255088322245,0.021378108964476207
621,0.009771131409659031,0.030253661612993626,0.021380407561819356
622,0.009773023546377931,0.03024408113599415,0.02138284957644547
623,0.009774646742580759,0.03023451503451124,0.021386579762932182
624,0.009776270469380262,0.030224963716371758,0.021390701942392218
625,0.009777755268872701,0.030215426957718478,0.021394631630005236
626,0.009779320919005581,0.030205902805971123,0.0213967679323906
627,0.00978088950060089,0.030196390622178954,0.02139832522062982
628,0.009782446019550157,0.0301868903162739,0.02139981108045709
629,0.009783952326575909,0.03017740310168287,0.02140243236161462
630,0.009784694461779183,0.030167931397777306,0.02140730689283461
631,0.009785490834030285,0.030158475777936043,0.02141272784104613
632,0.00978635260279725,0.030149035926524674,0.021417872619268224
633,0.00978733623721206,0.030139610118903835,0.021421436277593915
634,0.00978815759926222,0.03013019840821356,0.021425063183465556
635,0.00978897701851375,0.030120800186986048,0.021428141716071908
636,0.0097896573180056,0.030111415069779185,0.02143087684730154
637,0.009789429810095812,0.030102044742079295,0.02143518571802502
638,0.009789060688334033,0.030092687745787015,0.021438159286269
639,0.009788653222884492,0.030083343349424307,0.021440468891427162
640,0.009788242753081766,0.03007401116505134,0.021442431892971427
641,0.009787676395504381,0.030064691222625457,0.021444434844787703
642,0.009787023342191406,0.030055384859524234,0.021447688351124157
643,0.009786515901834698,0.030046091632986348,0.021450545472593025
644,0.009785938013072457,0.030036810258154217,0.021452226047683053
645,0.009785259100642242,0.03002754011975894,0.021453348781045163
646,0.009784555972041488,0.03001828092927156,0.021454215594405922
647,0.009783876877393662,0.030009032320030285,0.021454753854017343
648,0.009783150243962998,0.029999793942774227,0.021454979305155268
649,0.009782494039795166,0.029990565216325548,0.02145467686066952
650,0.009781674042064679,0.029981345615687105,0.021453897958510618
651,0.009780626023981468,0.02997213629291022,0.021454194896349203
652,0.009779378977588965,0.029962937435995422,0.021454676186613533
653,0.009778065181047776,0.02995374880770426,0.02145494827751011
654,0.009776662049091098,0.029944571120114494,0.021455889928296067
655,0.009774702540051907,0.029935405530561753,0.02145791412682896
656,0.009772539187070018,0.029926251288398015,0.021459255378959097
657,0.009770397146041703,0.029917108809763556,0.021460993293521653
658,0.009768266485909874,0.029907977972324886,0.02146262969989114
659,0.009766195813492586,0.02989885832794164,0.02146386280264609
660,0.00976411739118952,0.02988974809184773,0.021463454537283672
661,0.009761841017191276,0.029880647774496095,0.021463528321816732
662,0.009759618940845207,0.029871556517218772,0.021462816962157485
663,0.009757072086719032,0.029862473787806345,0.02146162187608945
664,0.009753916316446353,0.02985340001978891,0.021460836734624327
665,0.009750421016578449,0.029844335589935145,0.021460409414453624
666,0.009746768723264956,0.02983528057147471,0.02146005923767844
667,0.009742995230192411,0.029826234883444984,0.02145964350691157
668,0.009739118870851505,0.029817197040998247,0.021457862247584506
669,0.009735328957988846,0.02980816530858173,0.021454481840520342
670,0.009731478731683564,0.029799139389145694,0.021450832497430242
671,0.009727494170568634,0.02979011972107518,0.021447594879405826
672,0.009723313162512655,0.029781106871847332,0.021444888954553307
673,0.00971917400619128,0.029772099687495644,0.021441121361029616
674,0.009714862764676093,0.02976309801666945,0.021437219292867862
675,0.009710409603351485,0.029754101849469316,0.021433313572098364
676,0.009705925146351886,0.029745111653753497,0.021429846557047112
677,0.00970142766281275,0.029736126711241866,0.021425720439280913
678,0.009696956587942333,0.0297271463132117,0.021420943349972542
679,0.009692235173780948,0.02971817058189308,0.0214162839811639
680,0.009687014252896184,0.029709200996852002,0.0214129992475571
681,0.00968169689426226,0.029700237994676762,0.021410124908671474
682,0.009676000341173437,0.02969128166507226,0.021407340212725855
683,0.009670200278062709,0.0296823321738365,0.021404715706037677
684,0.009664291496060917,0.02967338825768368,0.021400928328626594
685,0.009658458229300292,0.02966444853378093,0.021395866125504807
686,0.009652453179149771,0.02965551248784978,0.021390331930871028
687,0.00964651075211423,0.029646577893731377,0.02138274015598979
688,0.00964047416096008,0.029637645326105685,0.021375681944020522
689,0.009634471488589102,0.02962871384277102,0.021367753349565758
690,0.009628428675750917,0.029619783445135123,0.021359827142866786
691,0.009622281222305578,0.029610854168538918,0.021351934744944862
692,0.00961583218102356,0.029601926146281238,0.021344166892910313
693,0.009609226421284162,0.029592998901120063,0.02133595840445401
694,0.009602479479625906,0.029584072261636646,0.02132759197203042
695,0.009595527072909003,0.029575146056483696,0.021319067490385982
696,0.009588197064088875,0.029566220689715424,0.021310917567344462
697,0.009580756038537985,0.02955729579814437,0.02130243219799558
698,0.009573046826181344,0.029548372214275226,0.02129471814152929
699,0.009565223752329386,0.029539450227257624,0.021287273123898488
700,0.009557391270234732,0.029530528736578004,0.021278810709094095
701,0.009549243311453855,0.02952160833969222,0.02127090199048322
702,0.0095409473184004,0.02951268871711579,0.021262698546699106
703,0.009532424489501765,0.0295037704332577,0.021255018478144167
704,0.009523750805696094,0.029494853920725636,0.021247740310980326
705,0.009514725099202535,0.029485939764807706,0.02124100584856116
706,0.00950564546460677,0.029477027129997065,0.02123350012533196
707,0.00949674082343075,0.029468113072891225,0.021223270550517745
708,0.009487831130869285,0.02945919675138115,0.02121225982281394
709,0.009478737320661065,0.02945027776139847,0.021200872693346095
710,0.009469511321810372,0.029441356090698048,0.021189471557309728
711,0.00946017115764566,0.02943243062838024,0.02117703912976242
712,0.009450662339545779,0.029423501479160518,0.021164699869376472
713,0.009441238066100257,0.029414567060320997,0.02115089144256905
714,0.009431710824962532,0.02940562735921939,0.021137066040313283
715,0.009422055446310794,0.02939668286964753,0.02112369257046698
716,0.009412159320873494,0.0293877346741873,0.02111131670275741
717,0.009402291392929862,0.02937878138415065,0.021097651306917608
718,0.009392296557956403,0.02936982307002836,0.021084046085740698
719,0.009381918804608619,0.029360860495567676,0.02107114301383574
720,0.009371363894921242,0.02935189425010169,0.02105878136039798
721,0.009360832961858434,0.029342923418807645,0.021045568977836767
722,0.009350294958622713,0.029333947801780037,0.021032166911763486
723,0.00933970038216059,0.029324966532851795,0.021017958053408354
724,0.009329225747823813,0.02931597817881161,0.02100241649564528
725,0.009318699053136611,0.02930698306122528,0.020987165598875826
726,0.009307888599989416,0.029297981470484184,0.02097217681946649
727,0.00929693832180367,0.02928897370455536,0.020957457462311875
728,0.009285444197291538,0.029279962093211372,0.020944889126789667
729,0.009273856906623624,0.02927094570460573,0.020931454125031043
730,0.00926231571654079,0.029261923180455528,0.020916756676635815
731,0.009250771754900747,0.029252895086777694,0.020902577182456507
732,0.009239299453156416,0.029243860312678976,0.02088736351389389
733,0.009227859218899565,0.02923481839106619,0.02087171067120846
734,0.009216393748034625,0.029225768368579826,0.020855167940737693
735,0.009204781084117052,0.029216710176560957,0.020838553536286327
736,0.00919293713450523,0.02920764517813925,0.020823193119430122
737,0.009181060036909576,0.029198572245835566,0.020806781933985236
738,0.00916900451521754,0.029189491244261432,0.020790237454971546
739,0.009156832845096422,0.029180403089576895,0.0207745332030231
740,0.009144660804522598,0.029171306776412796,0.020757890900599058
741,0.00913249734800253,0.02916220118749188,0.02074020592370592
742,0.009120346851237169,0.029153086666472684,0.020722829873424532
743,0.009108071012976586,0.029143963380940618,0.02070560006271366
744,0.009095430462790658,0.029134832565729966,0.020689504852548033
745,0.009082722695610043,0.02912569449233909,0.020673653500110103
746,0.009069989642321825,0.0291165484301491,0.020657118390495475
747,0.009057211573075869,0.029107393797896897,0.020640037085515917
748,0.00904444421449841,0.029098229615981075,0.020622040172141615
749,0.009031748829435927,0.02908905543337258,0.020603616089592002
750,0.009018936722541566,0.0290798728937132,0.02058670389691453
751,0.00900604949469104,0.029070682541740087,0.020570287733421472
752,0.008993174024613245,0.029061484071323657,0.02055358030430128
753,0.008980351852359765,0.029052276622604074,0.020536068590228596
754,0.008967401565210963,0.0290430606833314,0.020518999518280845
755,0.00895431655391041,0.02903383684929052,0.020502473608435854
756,0.008941379767826024,0.029024603345965988,0.020484296733984563
757,0.008928495866189332,0.029015358939606245,0.020464967827680498
758,0.008915623595367989,0.029006102728425548,0.020444793031561347
759,0.008902701747918266,0.02899683379362575,0.020423755691579684
760,0.008889562604883413,0.028987553937832224,0.020404374725540096
761,0.008876301867144174,0.028978264155445434,0.02038590357969534
762,0.008863009978951118,0.028968964367291784,0.020367349198358517
763,0.008849670974870901,0.028959655059053808,0.02034923451731421
764,0.008836091830544674,0.02895033742548586,0.02033221657021882
765,0.008822445112084895,0.02894101106606719,0.020314819445231568
766,0.008808967917719962,0.028931674975937533,0.020296483168239725
767,0.008795539657450268,0.02892232902563124,0.02027801728491915
768,0.008782006280176878,0.028912973755421935,0.02026004179479571
769,0.00876847082445857,0.0289036090439828,0.02024194464511396
770,0.008754835155168684,0.028894236510295473,0.020225337111273445
771,0.008741339402945518,0.028884855313449486,0.02020794313438112
772,0.00872796829599347,0.02887546512837248,0.020190239501403508
773,0.008714614205138246,0.028866066301020944,0.02017284721028519
774,0.00870122341017261,0.028856658012439317,0.020154687984700766
775,0.008687739195936725,0.02884724075472455,0.02013697494321233
776,0.008674205534062694,0.028837814767533592,0.020119474837174432
777,0.008660727801736202,0.028828379121073,0.020101105081795266
778,0.008647445242560637,0.028818932436277474,0.020081448754843505
779,0.00863410521861213,0.028809474387880056,0.02006148021644084
780,0.008620490042886706,0.02880000568681224,0.020042158584348924
781,0.008606834519660198,0.028790526409534237,0.02002289709607356
782,0.008593196244550946,0.028781037388344942,0.020004395678705784
783,0.008579452758715939,0.02877153994909346,0.019987112155489963
784,0.008565737963030612,0.028762034466239015,0.01997016693571934
785,0.00855224812023023,0.028752519688726393,0.0199520552878851
786,0.008538813214489524,0.028742995727465574,0.019934037039819726
787,0.008525506037026004,0.028733462091791277,0.019915555288302658
788,0.008512234910019262,0.028723918594672635,0.019896890685636746
789,0.008499005390681092,0.02871436471395285,0.019877732743022226
790,0.008485563600647375,0.028704802243720177,0.01986022560962569
791,0.008471986646433333,0.028695232354460056,0.01984379366953116
792,0.008458575754427093,0.02868565368771462,0.019826096479060404
793,0.008445195498327545,0.028676065334877137,0.01980754920855938
794,0.008431786214691974,0.02866646790759229,0.019789558589649238
795,0.008418412443221003,0.028656862002173933,0.019772111038741446
796,0.00840514473169601,0.028647247899521402,0.019754915101688756
797,0.008391947268979438,0.02863762525521652,0.019737392061665186
798,0.008378698862360113,0.028627995077440682,0.01972079398129463
799,0.008365436470486003,0.028618358023243105,0.019704796746354874
800,0.008352332238262794,0.02860871279326525,0.019687589525218176
801,0.00833917671945852,0.028599059038128274,0.0196700506294042
802,0.008326204907084097,0.02858939496919758,0.019650847065264505
803,0.00831336180954455,0.028579719685807147,0.019630799237313437
804,0.008300159818903185,0.028570035799027983,0.01961315785324641
805,0.008286855461236633,0.028560343955312647,0.019596106432978263
806,0.008273704589109155,0.028550643061962755,0.019578035298006963
807,0.008260531730940844,0.028540933666249726,0.01956046184619107
808,0.008247509492648693,0.028531215178274356,0.019542333689060307
809,0.00823465215636908,0.028521487245780356,0.019523870276419164
810,0.008221876892591457,0.028511750312448295,0.019505808234612513
811,0.008209213709995156,0.028502004527445605,0.019487875309952243
812,0.008196703934104642,0.0284922499309883,0.01946997077068853
813,0.008184352814964624,0.028482486666136196,0.01945218988274328
814,0.008171905123532715,0.02847271548657912,0.019435098187359695
815,0.00815907779995107,0.02846293976186416,0.019421118528283682
816,0.008146457985358041,0.028453158402445455,0.019406125485286616
817,0.008133673627042072,0.028443372839254084,0.019392451743768666
818,0.008121071420999253,0.028433582127283155,0.01937789879209248
819,0.008108457957030286,0.02842378584630258,0.01936295158971875
820,0.008095854117583302,0.028413984714485502,0.019348663793455637
821,0.00808324732890391,0.028404178901721137,0.01933452845118665
822,0.008070763422639158,0.028394367486310683,0.019319535003147745
823,0.008058325381644214,0.028384549891531333,0.019304001949875256
824,0.008046026025809377,0.02837472535818421,0.01928775975530677
825,0.008033833250662878,0.02836489333824714,0.01927100319423053
826,0.008021741668867755,0.02835505397375266,0.01925437065817353
827,0.008009805413563728,0.02834520712412302,0.019237600612975518
828,0.007997852425364674,0.028335353596203275,0.019221570161400796
829,0.00798583875132862,0.02832549470357281,0.019206749308727632
830,0.007973863463316992,0.02831563104135494,0.019192474131476768
831,0.007961854603038727,0.028305764142303822,0.019179613401425256
832,0.007949727261527637,0.02829589494269106,0.019167616352705644
833,0.007937597645568511,0.028286022686512615,0.019154916999688142
834,0.007925676443704462,0.028276146970808828,0.019141841479303964
835,0.007914039913978566,0.028266266416375696,0.019127485458654878
836,0.007902441435095222,0.028256381256369634,0.019113340484835796
837,0.007891059760042667,0.028246490022471482,0.019097831350670426
838,0.007879726370421771,0.02823659374823778,0.019083273139417486
839,0.007868676087989903,0.028226690900952513,0.019067290706321235
840,0.007857880600004821,0.02821678030129473,0.019050209736337878
841,0.007847225833375288,0.028206861336290048,0.019032553445103354
842,0.007836579236152124,0.02819693399555367,0.019014879172988424
843,0.007825812978453889,0.028186999017693233,0.01899788042106796
844,0.007815254511786093,0.02817705649960403,0.0189809637499184
845,0.007804072803959853,0.0281671112605379,0.018968501808734
846,0.007792458581198268,0.028157166754990578,0.018959235753760156
847,0.007780967093681316,0.028147223007324505,0.018949992990109438
848,0.007769680683984137,0.02813727855079819,0.018939392890369455
849,0.007758657328603299,0.028127331839585754,0.018927360761502175
850,0.0077478195869835065,0.02811738212088113,0.018914629335306025
851,0.007737351644795919,0.028107427649895555,0.018900279356457203
852,0.007727096054342224,0.02809746797110531,0.01888550284411414
853,0.007716836039443925,0.02808750383249369,0.01887141370109174
854,0.007706570523752102,0.028077535152038598,0.018857244151845656
855,0.007696343931302969,0.028067563024083114,0.018844083341406987
856,0.007686166222184622,0.028057587430836445,0.01883090261050115
857,0.007675999665322062,0.028047608265498274,0.018817619525121756
858,0.007665725078152236,0.028037627267190356,0.018805943165574907
859,0.007655413330948087,0.028027646303914553,0.018795994604413974
860,0.007645234269016794,0.028017665998902673,0.018786623144761573
861,0.007635491051932621,0.02800768424949841,0.018775305439399988
862,0.007626129883081394,0.02799769959571185,0.018762634447132276
863,0.007616735189166445,0.02798771276250587,0.01875063181239228
864,0.007607425832198565,0.02797772334795227,0.018738254842506404
865,0.007598416349865676,0.0279677295502568,0.018724206963256516
866,0.007589291694112098,0.027957732050718467,0.018710785533284677
867,0.007580517539733903,0.027947729860687484,0.018696444984992816
868,0.007571644326256757,0.027937723976843597,0.018683022597828162
869,0.007563186499298537,0.027927712169774303,0.01866753224601816
870,0.0075545378075666005,0.02791769519978781,0.018652739960062333
871,0.007545398304848059,0.02790767599891829,0.018640657357635787
872,0.007536323758284051,0.027897655149445307,0.018629111672082716
873,0.007527188319535852,0.027887635720271878,0.01862040591478904
874,0.007518144927676501,0.027877617799345045,0.018611783010243004
875,0.0075093331801236955,0.027867599646968576,0.018601550784089732
876,0.007500607187410684,0.027857582044465652,0.018592041773897425
877,0.007492104232753517,0.02784756515078202,0.018582680485545792
878,0.00748370736091529,0.0278375480089203,0.01857243379733607
879,0.007475606775405602,0.02782752907699317,0.018560759187504224
880,0.007467689692223211,0.02781750873640313,0.018549435938068383
881,0.007459687373587357,0.027807488003094454,0.01853905196910687
882,0.007451803439473797,0.027797465832364365,0.01852770029005401
883,0.00744400263459148,0.027787440867065676,0.018515090555795456
884,0.007436079184232571,0.0277774155421724,0.018504732632551604
885,0.00742842191446798,0.02776738990773467,0.018494420692418724
886,0.007420741419793388,0.027757365185634205,0.018485239814715854
887,0.0074133375319239666,0.027747340490991177,0.018475240516164185
888,0.007406440576754528,0.0277373129948771,0.018462621866844893
889,0.007399743736114569,0.02772728226220188,0.01844959755485892
890,0.0073931627852074615,0.027717248986156805,0.018437211850100752
891,0.007386697611700235,0.02770721290505046,0.0184245812950899
892,0.007380276724571482,0.027697174013512006,0.018411942962037745
893,0.007374144862035191,0.027687131089214837,0.01839817003465039
894,0.007368024421106206,0.027677084878435596,0.018385084071398737
895,0.007361222653814988,0.02766703776890943,0.01837420568754942
896,0.007354332546133264,0.027656991326709818,0.018364776472966655
897,0.0073475577126509775,0.027646946214262523,0.018355961282919463
898,0.007340967891469606,0.027636903095502874,0.01834776217754884
899,0.007334263292029707,0.027626863745805495,0.0183412089312684
900,0.00732731593104043,0.027616829625802194,0.018336011890891946
901,0.007320307000768163,0.027606800717492126,0.01833080341277573
902,0.00731357478212758,0.027596776916077558,0.018325503111408903
903,0.007307198785170544,0.027586757588871785,0.018319622095923027
904,0.0073013139978407,0.027576740432819314,0.018311613095842526
905,0.0072955958771639285,0.0275667251211513,0.018303303703171445
906,0.007289957933452979,0.02755671053879436,0.018293963679548015
907,0.007284545736188716,0.027546695589869732,0.0182836096826527
908,0.0072793260854539694,0.027536679431353555,0.018272474741554606
909,0.007274068804757117,0.027526662428779696,0.018261677048152094
910,0.007269023591113173,0.02751664374208494,0.018250100674376275
911,0.007264232058704924,0.02750662392083012,0.01823903146910589
912,0.007259398267005125,0.02749660506029811,0.01822990120600929
913,0.007254838556000529,0.027486586760192843,0.018220401259120493
914,0.007250300622792289,0.027476570525758637,0.01821229561741117
915,0.007245018454848631,0.027466560693613428,0.01820820742834243
916,0.007240126168495627,0.027456555357844605,0.01820236090766454
917,0.007235204627762045,0.02744655464924554,0.018196639988343033
918,0.0072305591352077375,0.027436556933457888,0.018189410401419633
919,0.007225992847782269,0.027426561536108965,0.01818155938815761
920,0.007221352149080238,0.027416569368187208,0.018174554201146918
921,0.00721669540001009,0.027406581052976508,0.01816812935828
922,0.0072125113862345405,0.02739659531202888,0.018160524619989685
923,0.007208512430301887,0.02738661127121147,0.018152113073690464
924,0.0072047941659984975,0.027376629072588112,0.018143834768096046
925,0.0072014034551521645,0.0273666470858222,0.018134048733786334
926,0.007198253408935938,0.027356664494274378,0.01812350676376317
927,0.0071952769512635,0.027346681608491703,0.018113251732535043
928,0.007192421417364379,0.02733669844017962,0.018103007245452777
929,0.007189342970427573,0.02732671796840666,0.01809552087262214
930,0.007186445682782537,0.02731674004110237,0.01808789639036313
931,0.007183310085696954,0.02730676626458975,0.018081761788674884
932,0.007179204416817264,0.027296799943374236,0.018078691065036998
933,0.0071753629825958695,0.027286839597713657,0.01807425766506091
934,0.007171757944940472,0.02727688460371,0.018069252557292498
935,0.007168595941128729,0.027266933543657376,0.01806294011054316
936,0.007165403571198169,0.027256988067114834,0.018058158967218838
937,0.007161970370342332,0.027247049596631514,0.01805470058256743
938,0.007158452624115432,0.02723711938948003,0.018052413345253156
939,0.0071552706238958,0.027227196268936393,0.018049044812039946
940,0.007152627993713065,0.02721727788413465,0.018043506637697274
941,0.007150188228603132,0.027207363529823874,0.018037320188968645
942,0.00714804794116508,0.02719745234206376,0.018030337826013078
943,0.007146183871852387,0.02718754370821315,0.018022791369278736
944,0.007144464577745867,0.0271776361602605,0.01801388819650042
945,0.007142033244906305,0.027167733577413082,0.018008577968208192
946,0.0071398206978834896,0.027157836394010253,0.01800367487108599
947,0.00713774914447458,0.02714794417293807,0.01799837243828901
948,0.00713568214732596,0.02713805842722736,0.017994475922280068
949,0.0071334985298500755,0.027128180401180844,0.01799173801378589
950,0.007131632483639631,0.02711830846111051,0.017987495150873816
951,0.007129418705295067,0.027108444838215867,0.01798532429940388
952,0.007127188566404989,0.027098590722312344,0.017984263446061872
953,0.007125297654605053,0.027088746282794146,0.01798336894620046
954,0.007123738053844751,0.027078910279471007,0.01798133579841148
955,0.00712240583532912,0.027069082475485902,0.017979091774740923
956,0.007120693953852854,0.027059263728376914,0.017977649967161228
957,0.007119400749569938,0.027049452479361726,0.01797477389950134
958,0.007118352496775939,0.027039647160876677,0.017970453882093108
959,0.007117175723785232,0.02702984756201086,0.0179659445073451
960,0.007115775560576125,0.02702005481072812,0.017962485263174618
961,0.007114745336505142,0.027010268638988696,0.017958784681633533
962,0.007113884208595091,0.02700049025250852,0.017956207083264567
963,0.007113290979482013,0.02699071866691393,0.017952725813083336
964,0.007112725700991928,0.026980953427872843,0.017948830665908813
965,0.007112096030660274,0.02697119522629601,0.01794558159746827
966,0.007110925938238367,0.026961447069782686,0.017945124380627182
967,0.007110014444949576,0.02695170907416549,0.01794478446126823
968,0.007109504409516268,0.026941979975207125,0.017943284112714897
969,0.0071092213607503296,0.026932259449808003,0.017941493494540127
970,0.007109013851527112,0.026922547556599348,0.017939765738086692
971,0.007108431031153265,0.026912846282016522,0.017939885905835486
972,0.007107863645617712,0.02690315586780972,0.01794024053497855
973,0.007107857026759534,0.02689347395280693,0.0179384197541155
974,0.007108065115798636,0.02688379962702083,0.017935764891601334
975,0.007108240784375711,0.02687413343943141,0.017933625933111732
976,0.0071082633509918424,0.0268644776302208,0.01793356935553896
977,0.007108727873653949,0.026854831596870684,0.017932965268999325
978,0.007109469419636472,0.026845193789381487,0.01793093577353891
979,0.0071105285151747254,0.026835563165250768,0.017927949223899394
980,0.007111028297906472,0.026825942564075535,0.017927599114112167
981,0.00711115486894326,0.02681633370066277,0.017928846811512102
982,0.007110873284773009,0.02680673872257287,0.017932094728532768
983,0.007110823446761906,0.026797156490319492,0.01793430145093038
984,0.007111119681781692,0.026787585883655016,0.017935483652840978
985,0.007111531745805661,0.026778026688671366,0.017936479417310625
986,0.007112001787703062,0.026768478965085257,0.01793754188672181
987,0.007112539432020975,0.02675894400491711,0.017939812142730018
988,0.007113393430208044,0.02674942142375058,0.017941739221084916
989,0.007114396090994399,0.026739910711238452,0.017943206134743418
990,0.0071155829474374,0.026730411731582308,0.017944559177778444
991,0.007116863845581304,0.0267209253649444,0.017946738918700043
992,0.0071183958460634186,0.026711451747156206,0.01794905704254439
993,0.007120272189098275,0.02670198915484031,0.01794979219539847
994,0.007122153364505089,0.02669253712413486,0.01795010887202035
995,0.007124144889437449,0.026683095509698752,0.017950301535140382
996,0.007125397165720939,0.026673666872610788,0.017952875983807737
997,0.007126523559697432,0.026664250885688835,0.017955160463397096
998,0.0071273590716504345,0.026654850465320647,0.017960157952176887
999,0.007128462879284813,0.026645465211440133,0.017964800575954697
