step,s2_num,s2_ana,max
0,0.0006481515491616506,1.92e-06,0.027777777777777776
1,0.0006501105329388163,3.84e-06,0.027777777777777776
2,0.0006520695167159819,5.76e-06,0.027777771633777776
3,0.0006540285004931473,7.68e-06,0.027777753378724977
4,0.000655987484270313,9.6e-06,0.027777717218691718
5,0.0006579464680474786,1.152e-05,0.02777765752913496
6,0.0006599054518246441,1.3439999999999998e-05,0.027777568851235206
7,0.0006618644356018097,1.536e-05,0.027777445888312886
8,0.0006638234193789752,1.728e-05,0.027777283502320203
9,0.0006657824031561409,1.92e-05,0.027777076710406596
10,0.0006677413869333066,2.112e-05,0.027776820681555993
11,0.0006697003707104722,2.304e-05,0.027776510733294065
12,0.0006716593544876376,2.496e-05,0.027776142328463788
13,0.0006736183382648032,2.6879999999999997e-05,0.027775711072067676
14,0.000675577322041969,2.88e-05,0.02777521270817505
15,0.0006775363058191344,3.072e-05,0.027774643116892817
16,0.0006794952895963002,3.264e-05,0.02777399831139824
17,0.0006814542733734657,3.456e-05,0.027773274435032275
18,0.0006834132571506314,3.6479999999999996e-05,0.027772467758451994
19,0.0006853722409277968,3.84e-05,0.02777157467684083
20,0.0006873312247049624,4.032e-05,0.02777059170717521
21,0.000689290208482128,4.224e-05,0.027769515485546372
22,0.0006912491922592937,4.416e-05,0.02776834276453606
23,0.0006932081760364592,4.608e-05,0.02776707041064493
24,0.0006951671598136246,4.7999999999999994e-05,0.027765695401772445
25,0.0006971261435907905,4.992e-05,0.027764214824747186
26,0.0006990851273679559,5.184e-05,0.027762625872906375
27,0.0007010441111451217,5.3759999999999994e-05,0.02776092584372362
28,0.0007030030949222874,5.568e-05,0.0277591121364838
29,0.0007049620786994528,5.76e-05,0.02775718225000405
30,0.0007069210624766184,5.952e-05,0.027755133780399923
31,0.000708880046253784,6.144e-05,0.02775296441889568
32,0.0007108390300309494,6.335999999999999e-05,0.02775067194967785
33,0.0007127980138081152,6.528e-05,0.027748254247791124
34,0.0007147569975852806,6.72e-05,0.027745709277075672
35,0.0007167159813624462,6.912e-05,0.027743035088145067
36,0.0007186749651396119,7.104e-05,0.027740229816403946
37,0.0007206339489167774,7.295999999999999e-05,0.0277372916801046
38,0.0007225929326939431,7.488e-05,0.027734218978441704
39,0.0007245519164711088,7.68e-05,0.027731010089684417
40,0.0007265109002482743,7.872e-05,0.027727663469345066
41,0.0007284698840254399,8.064e-05,0.02772417764838372
42,0.0007304288678026054,8.256e-05,0.027720551231447916
43,0.0007323878515797711,8.448e-05,0.027716782895146824
44,0.0007343468353569365,8.64e-05,0.027712871386359212
45,0.0007363058191341023,8.832e-05,0.027708815520574488
46,0.0007382648029112675,9.023999999999999e-05,0.027704614180266224
47,0.0007402237866884332,9.216e-05,0.027700266313297486
48,0.0007421827704655993,9.408e-05,0.02769577093135739
49,0.0007441417542427645,9.599999999999999e-05,0.02769112710842823
50,0.0007461007380199302,9.792e-05,0.027686333979282655
51,0.0007480597217970959,9.984e-05,0.02768139073801024
52,0.0007500187055742613,0.00010175999999999999,0.027676296636572964
53,0.0007519776893514269,0.00010368,0.027671050983388994
54,0.0007539366731285921,0.0001056,0.027665653141944246
55,0.0007558956569057582,0.00010751999999999999,0.027660102529431223
56,0.0007578546406829238,0.00010944,0.027654398615414577
57,0.0007598136244600892,0.00011136,0.027648540920522924
58,0.000761772608237255,0.00011327999999999999,0.027642529015166405
59,0.0007637315920144205,0.0001152,0.027636362518279507
60,0.0007656905757915861,0.00011712,0.027630041096088694
61,0.0007676495595687517,0.00011904,0.02762356446090436
62,0.0007696085433459175,0.00012096,0.02761693236993667
63,0.0007715675271230829,0.00012288,0.027610144624134848
64,0.0007735265109002486,0.0001248,0.027603201067049467
65,0.0007754854946774143,0.00012671999999999998,0.027596101583717326
66,0.0007774444784545797,0.00012864,0.027588846099568496
67,0.0007794034622317454,0.00013056,0.027581434579355135
68,0.0007813624460089109,0.00013248,0.02757386702610166
69,0.0007833214297860765,0.0001344,0.027566143480075894
70,0.0007852804135632421,0.00013632,0.027558264017780804
71,0.0007872393973404079,0.00013824,0.027550228750966466
72,0.0007891983811175733,0.00014015999999999999,0.027542037825661853
73,0.0007911573648947388,0.00014208,0.027533691421226133
74,0.0007931163486719046,0.000144,0.02752518974941909
75,0.0007950753324490701,0.00014591999999999999,0.027516533053490333
76,0.0007970343162262357,0.00014784,0.027507721607286935
77,0.0007989933000034014,0.00014976,0.027498755714379212
78,0.000800952283780567,0.00015168,0.027489635707204262
79,0.0008029112675577327,0.0001536,0.027480361946226977
80,0.000804870251334898,0.00015551999999999997,0.02747093481911819
81,0.0008068292351120637,0.00015744,0.02746135473994967
82,0.0008087882188892291,0.00015936,0.02745162214840565
83,0.0008107472026663949,0.00016128,0.02744173750901057
84,0.0008127061864435602,0.0001632,0.027431701310372782
85,0.0008146651702207258,0.00016512,0.027421514064443896
86,0.0008166241539978916,0.00016704,0.027411176305793504
87,0.0008185831377750572,0.00016896,0.02740068859089899
88,0.0008205421215522228,0.00017088,0.027390051497450163
89,0.0008225011053293881,0.0001728,0.027379265623668443
90,0.0008244600891065539,0.00017471999999999998,0.027368331587640335
91,0.0008264190728837195,0.00017664,0.027357250026664937
92,0.000828378056660885,0.00017856,0.027346021596615235
93,0.0008303370404380506,0.00018047999999999998,0.0273346469713129
94,0.0008322960242152165,0.0001824,0.027323126841916397
95,0.000834255007992382,0.00018432,0.02731146191632213
96,0.0008362139917695475,0.00018623999999999998,0.02729965291857839
97,0.0008381729755467131,0.00018816,0.027287700588311866
98,0.0008401319593238785,0.00019008,0.027275605680166532
99,0.0008420909431010442,0.00019199999999999998,0.027263368963254632
100,0.0008440499268782101,0.00019392000000000001,0.02725099122061958
101,0.0008460089106553754,0.00019584,0.027238473248710534
102,0.0008479678944325411,0.00019775999999999998,0.027225815856868448
103,0.0008499268782097065,0.00019968,0.027213019866823396
104,0.0008518858619868722,0.0002016,0.027200086112202936
105,0.0008538448457640378,0.00020351999999999998,0.027187015438051347
106,0.0008558038295412033,0.00020544,0.027173808700359497
107,0.0008577628133183692,0.00020736,0.027160466765605205
108,0.0008597217970955345,0.00020927999999999997,0.02714699051030385
109,0.0008616807808727002,0.0002112,0.027133380820569056
110,0.0008636397646498657,0.00021312,0.027119638591683287
111,0.0008655987484270315,0.00021503999999999997,0.02710576472767815
112,0.0008675577322041973,0.00021696,0.027091760140924227
113,0.0008695167159813627,0.00021888,0.027077625751730245
114,0.000871475699758528,0.00022079999999999997,0.027063362487951475
115,0.0008734346835356938,0.00022272,0.027048971284607093
116,0.0008753936673128595,0.00022464,0.027034453083506417
117,0.0008773526510900251,0.00022655999999999997,0.027019808832883813
118,0.0008793116348671905,0.00022848,0.027005039487042116
119,0.0008812706186443562,0.0002304,0.026990146006004415
120,0.0008832296024215218,0.00023232,0.026975129355174036
121,0.0008851885861986873,0.00023424,0.026959990505002574
122,0.000887147569975853,0.00023616,0.02694473043066582
123,0.0008891065537530185,0.00023808,0.02692935011174744
124,0.0008910655375301841,0.00023999999999999998,0.026913850531930246
125,0.0008930245213073497,0.00024192,0.026898232678694935
126,0.0008949835050845154,0.00024384,0.026882497543026133
127,0.0008969424888616809,0.00024576,0.026866646119125617
128,0.0008989014726388463,0.00024767999999999996,0.02685067940413259
129,0.0009008604564160123,0.0002496,0.026834598397850844
130,0.0009028194401931775,0.00025152,0.026818404102482703
131,0.0009047784239703434,0.00025343999999999996,0.026802097522369613
132,0.0009067374077475088,0.00025536,0.026785679663739237
133,0.0009086963915246747,0.00025728,0.02676915153445895
134,0.0009106553753018401,0.00025919999999999996,0.0267525141437956
135,0.0009126143590790054,0.00026112,0.026735768502181394
136,0.000914573342856171,0.00026304,0.026718915620985852
137,0.0009165323266333369,0.00026496,0.02670195651229362
138,0.0009184913104105024,0.00026688,0.026684892188688098
139,0.0009204502941876681,0.0002688,0.026667723663040765
140,0.0009224092779648338,0.00027072,0.02665045194830604
141,0.0009243682617419992,0.00027264,0.026633078057321614
142,0.0009263272455191646,0.00027456,0.026615603002614143
143,0.0009282862292963303,0.00027648,0.026598027796210177
144,0.000930245213073496,0.0002784,0.02658035344945222
145,0.0009322041968506618,0.00028031999999999997,0.026562580972819844
146,0.000934163180627827,0.00028224,0.026544711375755745
147,0.0009361221644049925,0.00028416,0.02652674566649661
148,0.0009380811481821584,0.00028607999999999997,0.026508684851908756
149,0.0009400401319593241,0.000288,0.02649052993732841
150,0.0009419991157364896,0.00028992,0.026472281926406525
151,0.0009439580995136554,0.00029183999999999997,0.02645394182095807
152,0.0009459170832908207,0.00029376,0.026435510620815703
153,0.0009478760670679862,0.00029568,0.02641698932368769
154,0.000949835050845152,0.00029759999999999997,0.026398378925020054
155,0.0009517940346223175,0.00029952,0.026379680417862813
156,0.000953753018399483,0.00030144000000000004,0.026360894792740248
157,0.0009557120021766485,0.00030336,0.026342023037525104
158,0.0009576709859538143,0.00030528,0.02632306613731666
159,0.00095962996973098,0.0003072,0.026304025074322574
160,0.0009615889535081455,0.00030911999999999997,0.02628490082774442
161,0.000963547937285311,0.00031103999999999995,0.026265694373666874
162,0.0009655069210624768,0.00031296,0.02624640668495041
163,0.0009674659048396422,0.00031488,0.026227038731127496
164,0.0009694248886168078,0.0003168,0.026207591478302192
165,0.0009713838723939733,0.00031872,0.026188065889053043
166,0.0009733428561711393,0.00032063999999999997,0.02616846292233927
167,0.0009753018399483047,0.00032256,0.026148783533410127
168,0.00097726082372547,0.00032448,0.026129028673717365
169,0.000979219807502636,0.0003264,0.02610919929083078
170,0.0009811787912798013,0.00032832,0.02608929632835672
171,0.0009831377750569672,0.00033024,0.026069320725859532
172,0.0009850967588341327,0.00033215999999999996,0.026049273418785848
173,0.0009870557426112981,0.00033408,0.02602915533839169
174,0.0009890147263884638,0.000336,0.026008967411672294
175,0.0009909737101656295,0.00033792,0.02598871056129461
176,0.000992932693942795,0.00033984,0.025968385705532428
177,0.0009948916777199608,0.00034176,0.025947993758204058
178,0.000996850661497126,0.00034367999999999996,0.025927535628612497
179,0.0009988096452742917,0.0003456,0.025907012221488068
180,0.0010007686290514576,0.00034752,0.02588642443693342
181,0.0010027276128286228,0.00034943999999999996,0.025865773170370903
182,0.0010046865966057885,0.00035136,0.025845059312492178
183,0.0010066455803829544,0.00035328,0.025824283749210107
184,0.0010086045641601196,0.0003552,0.025803447361612792
185,0.0010105635479372853,0.00035712,0.02578255102591976
186,0.001012522531714451,0.00035904,0.02576159561344023
187,0.0010144815154916164,0.00036095999999999996,0.02574058199053341
188,0.0010164404992687823,0.00036288,0.025719511018570788
189,0.0010183994830459478,0.0003648,0.02569838355390035
190,0.0010203584668231134,0.00036672,0.025677200447812718
191,0.001022317450600279,0.00036864,0.02565596254650911
192,0.0010242764343774448,0.00037056,0.025634670691071136
193,0.00102623541815461,0.00037247999999999996,0.025613325717432335
194,0.001028194401931776,0.0003744,0.02559192845635145
195,0.0010301533857089414,0.00037632,0.025570479733387375
196,0.001032112369486107,0.00037824,0.025548980368875745
197,0.0010340713532632725,0.00038016,0.025527431177907133
198,0.0010360303370404382,0.00038208,0.0255058329703068
199,0.001037989320817604,0.00038399999999999996,0.02548418655061597
200,0.0010399483045947697,0.00038591999999999994,0.025462492718074596
201,0.001041907288371935,0.00038784000000000003,0.025440752266605582
202,0.0010438662721491006,0.00038976,0.025418965984800392
203,0.001045825255926266,0.00039168,0.02539713465590607
204,0.0010477842397034318,0.00039359999999999997,0.025375259057813584
205,0.0010497432234805974,0.00039551999999999995,0.025353339963047474
206,0.0010517022072577629,0.00039743999999999994,0.025331378138756792
207,0.0010536611910349286,0.00039936,0.025309374346707287
208,0.0010556201748120938,0.00040128,0.02528732934327478
209,0.0010575791585892597,0.0004032,0.025265243879439736
210,0.0010595381423664251,0.00040511999999999997,0.025243118700782982
211,0.0010614971261435908,0.00040703999999999995,0.025220954547482542
212,0.0010634561099207563,0.00040895999999999993,0.025198752154311565
213,0.001065415093697922,0.00041088,0.025176512250637304
214,0.0010673740774750878,0.0004128,0.02515423556042114
215,0.0010693330612522533,0.00041472,0.025131922802219604
216,0.001071292045029419,0.00041663999999999997,0.025109574689186363
217,0.001073251028806584,0.00041855999999999995,0.025087191929075187
218,0.00107521001258375,0.00042047999999999993,0.02506477522424381
219,0.0010771689963609155,0.0004224,0.025042325271658696
220,0.001079127980138081,0.00042432,0.0250198427629007
221,0.0010810869639152469,0.00042624,0.024997328384171548
222,0.0010830459476924128,0.00042815999999999997,0.024974782816301146
223,0.0010850049314695782,0.00043007999999999995,0.024952206734755712
224,0.0010869639152467434,0.00043200000000000004,0.02492960080964667
225,0.0010889228990239093,0.00043392,0.024906965705740285
226,0.0010908818828010744,0.00043584,0.024884302082468064
227,0.0010928408665782402,0.00043776,0.024861610593937832
228,0.0010947998503554057,0.00043967999999999996,0.02483889188894553
229,0.0010967588341325716,0.00044159999999999995,0.024816146610987657
230,0.001098717817909737,0.00044352,0.024793375398274375
231,0.0011006768016869027,0.00044544,0.02477057888374323
232,0.0011026357854640686,0.00044736,0.0247477576950735
233,0.0011045947692412338,0.00044928,0.02472491245470112
234,0.0011065537530183997,0.00045119999999999996,0.024702043779834166
235,0.0011085127367955647,0.00045311999999999994,0.024679152282468933
236,0.0011104717205727306,0.00045504,0.024656238569406495
237,0.001112430704349896,0.00045696,0.024633303242269818
238,0.001114389688127062,0.00045888,0.024610346897521368
239,0.0011163486719042276,0.0004608,0.024587370126481187
240,0.0011183076556813933,0.00046271999999999996,0.024564373515345454
241,0.0011202666394585586,0.00046464,0.024541357645205483
242,0.0011222256232357242,0.00046656,0.02451832309206716
243,0.00112418460701289,0.00046848,0.02449527042687081
244,0.0011261435907900554,0.0004704,0.024472200215511445
245,0.001128102574567221,0.00047232,0.02444911301885943
246,0.0011300615583443867,0.00047423999999999996,0.0244260093927815
247,0.0011320205421215526,0.00047616,0.02440288988816216
248,0.001133979525898718,0.00047808,0.0243797550509254
249,0.0011359385096758835,0.00047999999999999996,0.02435660542205679
250,0.0011378974934530494,0.00048192,0.02433344153762585
251,0.0011398564772302148,0.00048384,0.02431026392880877
252,0.0011418154610073805,0.00048575999999999996,0.024287073121911383
253,0.0011437744447845457,0.00048768,0.02426386963839245
254,0.0011457334285617114,0.0004896,0.02424065399488722
255,0.001147692412338877,0.00049152,0.02421742670323122
256,0.001149651396116043,0.0004934399999999999,0.024194188270484324
257,0.0011516103798932078,0.0004953599999999999,0.024170939198955046
258,0.0011535693636703739,0.00049728,0.024147679986225044
259,0.0011555283474475393,0.0004992,0.024124411125173873
260,0.001157487331224705,0.00050112,0.02410113310400391
261,0.0011594463150018707,0.00050304,0.024077846406265497
262,0.0011614052987790361,0.0005049599999999999,0.024054551510882254
263,0.001163364282556202,0.0005068799999999999,0.024031248892176574
264,0.0011653232663333675,0.0005088,0.024007939019895275
265,0.0011672822501105334,0.00051072,0.023984622359235427
266,0.0011692412338876984,0.00051264,0.023961299370870298
267,0.0011712002176648643,0.00051456,0.023937970510975473
268,0.0011731592014420297,0.0005164799999999999,0.02391463623125507
269,0.0011751181852191956,0.0005183999999999999,0.023891296978968093
270,0.001177077168996361,0.00052032,0.023867953196954905
271,0.0011790361527735265,0.00052224,0.023844605323663788
272,0.0011809951365506922,0.00052416,0.023821253793177625
273,0.001182954120327858,0.00052608,0.023797899035240638
274,0.0011849131041050233,0.0005279999999999999,0.02377454147528524
275,0.001186872087882189,0.00052992,0.023751181534458956
276,0.0011888310716593545,0.00053184,0.023727819629651394
277,0.0011907900554365197,0.00053376,0.023704456173521297
278,0.0011927490392136858,0.00053568,0.023681091574523642
279,0.0011947080229908515,0.0005376,0.02365772623693679
280,0.001196667006768017,0.0005395199999999999,0.023634360560889675
281,0.0011986259905451826,0.00054144,0.023610994942389028
282,0.0012005849743223485,0.00054336,0.02358762977334664
283,0.0012025439580995137,0.00054528,0.02356426544160663
284,0.0012045029418766794,0.0005472,0.023540902330972762
285,0.001206461925653845,0.00054912,0.023517540821235732
286,0.0012084209094310103,0.0005510399999999999,0.023494181288200505
287,0.001210379893208176,0.00055296,0.02347082410371363
288,0.001212338876985342,0.00055488,0.023447469635690558
289,0.0012142978607625075,0.0005568,0.023424118248142948
290,0.001216256844539673,0.00055872,0.023400770301205968
291,0.0012182158283168387,0.0005606399999999999,0.023377426151165576
292,0.0012201748120940039,0.00056256,0.02335408615048577
293,0.0012221337958711696,0.00056448,0.023330750647835827
294,0.0012240927796483355,0.0005664,0.0233074199881175
295,0.0012260517634255007,0.00056832,0.023284094512492182
296,0.0012280107472026664,0.00057024,0.023260774558408037
297,0.001229969730979832,0.0005721599999999999,0.023237460459627077
298,0.0012319287147569977,0.00057408,0.02321415254625221
299,0.001233887698534163,0.000576,0.02319085114475421
300,0.0012358466823113288,0.00057792,0.02316755657799867
301,0.0012378056660884945,0.00057984,0.023144269165272853
302,0.00123976464986566,0.00058176,0.02312098922231253
303,0.0012417236336428254,0.0005836799999999999,0.02309771706132872
304,0.0012436826174199909,0.0005856,0.023074452991034364
305,0.0012456416011971563,0.00058752,0.023051197316670956
306,0.0012476005849743222,0.00058944,0.02302795034003506
307,0.001249559568751488,0.00059136,0.023004712359504798
308,0.0012515185525286538,0.00059328,0.022981483670066204
309,0.0012534775363058188,0.0005951999999999999,0.022958264563339558
310,0.0012554365200829847,0.00059712,0.022935055327605577
311,0.0012573955038601503,0.00059904,0.022911856247831562
312,0.0012593544876373158,0.00060096,0.02288866760569743
313,0.001261313471414482,0.0006028800000000001,0.022865489679621674
314,0.0012632724551916474,0.0006048,0.02284232274478721
315,0.0012652314389688126,0.00060672,0.022819167073167133
316,0.0012671904227459787,0.0006086399999999999,0.0227960229335504
317,0.001269149406523144,0.00061056,0.022772890591567358
318,0.0012711083903003094,0.00061248,0.022749770309715235
319,0.0012730673740774748,0.0006144,0.022726662347383478
320,0.0012750263578546407,0.0006163200000000001,0.022703566960879006
321,0.0012769853416318064,0.0006182399999999999,0.02268048440345135
322,0.0012789443254089719,0.00062016,0.022657414925317684
323,0.0012809033091861373,0.0006220799999999999,0.02263435877368775
324,0.001282862292963303,0.000624,0.022611316192788663
325,0.0012848212767404689,0.00062592,0.022588287423889613
326,0.0012867802605176345,0.00062784,0.02256527270532643
327,0.0012887392442947998,0.00062976,0.022542272272526063
328,0.0012906982280719652,0.0006316799999999999,0.022519286358030906
329,0.001292657211849131,0.0006336,0.022496315191523043
330,0.0012946161956262968,0.00063552,0.02247335899984834
331,0.0012965751794034625,0.00063744,0.02245041800704042
332,0.001298534163180628,0.0006393600000000001,0.02242749243434455
333,0.0013004931469577934,0.0006412799999999999,0.022404582500241348
334,0.001302452130734959,0.0006432,0.022381688420470412
335,0.0013044111145121245,0.00064512,0.022358810408053802
336,0.0013063700982892902,0.00064704,0.022335948673319395
337,0.001308329082066456,0.00064896,0.022313103423924126
338,0.0013102880658436213,0.00065088,0.022290274864877082
339,0.001312247049620787,0.0006528,0.022267463198562487
340,0.0013142060333979529,0.0006547199999999999,0.022244668624762542
341,0.001316165017175118,0.00065664,0.022221891340680137
342,0.0013181240009522838,0.00065856,0.022199131540961443
343,0.0013200829847294492,0.00066048,0.022176389417718358
344,0.001322041968506615,0.0006624,0.022153665160550836
345,0.0013240009522837806,0.0006643199999999999,0.02213095895656907
346,0.001325959936060946,0.00066624,0.022108270990415547
347,0.0013279189198381117,0.00066816,0.022085601444286982
348,0.0013298779036152774,0.00067008,0.022062950497956087
349,0.0013318368873924433,0.000672,0.02204031832879325
350,0.0013337958711696085,0.0006739199999999999,0.022017705111788036
351,0.0013357548549467742,0.00067584,0.021995111019570582
352,0.0013377138387239396,0.00067776,0.021972536222432854
353,0.0013396728225011053,0.00067968,0.02194998088834975
354,0.0013416318062782707,0.0006816,0.021927445183000088
355,0.0013435907900554368,0.00068352,0.02190492926978746
356,0.0013455497738326019,0.0006854399999999999,0.02188243330986093
357,0.0013475087576097678,0.0006873599999999999,0.021859957462135614
358,0.001349467741386933,0.00068928,0.02183750188331313
359,0.0013514267251640989,0.0006912,0.02181506672790188
360,0.0013533857089412646,0.00069312,0.02179265214823723
361,0.00135534469271843,0.00069504,0.021770258294501556
362,0.001357303676495596,0.0006969599999999999,0.021747885314744118
363,0.0013592626602727611,0.0006988799999999999,0.02172553335490083
364,0.0013612216440499268,0.0007008,0.021703202558813892
365,0.0013631806278270927,0.00070272,0.021680893068251276
366,0.0013651396116042581,0.00070464,0.02165860502292608
367,0.0013670985953814238,0.00070656,0.02163633856051575
368,0.0013690575791585893,0.0007084799999999999,0.021614093816681175
369,0.001371016562935755,0.0007104,0.02159187092508562
370,0.0013729755467129202,0.00071232,0.02156967001741355
371,0.0013749345304900859,0.00071424,0.02154749122338932
372,0.0013768935142672515,0.00071616,0.02152533467079572
373,0.0013788524980444172,0.00071808,0.021503200485492386
374,0.0013808114818215829,0.0007199999999999999,0.021481088791434077
375,0.0013827704655987483,0.0007219199999999999,0.021458999710688834
376,0.001384729449375914,0.00072384,0.021436933363455993
377,0.001386688433153079,0.00072576,0.02141488986808406
378,0.0013886474169302453,0.00072768,0.02139286934108847
379,0.0013906064007074106,0.0007296,0.021370871897169207
380,0.001392565384484576,0.0007315199999999999,0.021348897649228284
381,0.001394524368261742,0.00073344,0.02132694670838711
382,0.0013964833520389074,0.0007353599999999999,0.0213050191840037
383,0.001398442335816073,0.00073728,0.021283115183689794
384,0.001400401319593239,0.0007392,0.021261234813327808
385,0.0014023603033704042,0.00074112,0.021239378177087674
386,0.0014043192871475698,0.00074304,0.021217545377443546
387,0.0014062782709247357,0.0007449599999999999,0.02119573651519039
388,0.001408237254701901,0.00074688,0.021173951689460426
389,0.0014101962384790673,0.0007488,0.02115219099773946
390,0.001412155222256232,0.00075072,0.021130454535883074
391,0.001414114206033398,0.00075264,0.021108742398132707
392,0.0014160731898105632,0.0007545599999999999,0.021087054677131595
393,0.0014180321735877289,0.00075648,0.02106539146394059
394,0.0014199911573648946,0.0007583999999999999,0.021043752848053866
395,0.0014219501411420602,0.00076032,0.021022138917414477
396,0.001423909124919226,0.00076224,0.021000549758429812
397,0.0014258681086963914,0.00076416,0.020978985455986927
398,0.0014278270924735572,0.00076608,0.02095744609346773
399,0.0014297860762507225,0.0007679999999999999,0.020935931752764078
400,0.0014317450600278882,0.00076992,0.02091444251429272
401,0.0014337040438050538,0.0007718399999999999,0.02089297845701015
402,0.0014356630275822193,0.00077376,0.02087153965842732
403,0.0014376220113593845,0.0007756800000000001,0.020850126194624233
404,0.0014395809951365508,0.0007775999999999999,0.020828738140264424
405,0.0014415399789137163,0.00077952,0.02080737556860933
406,0.0014434989626908815,0.0007814399999999999,0.020786038551532514
407,0.001445457946468047,0.00078336,0.020764727159533813
408,0.0014474169302452129,0.00078528,0.02074344146175333
409,0.0014493759140223788,0.0007871999999999999,0.020722181525985338
410,0.0014513348977995438,0.00078912,0.020700947418692044
411,0.0014532938815767095,0.0007910399999999999,0.020679739205017273
412,0.0014552528653538753,0.00079296,0.020658556948800002
413,0.0014572118491310408,0.0007948799999999999,0.0206374007125878
414,0.0014591708329082065,0.0007968,0.02061627055765015
415,0.0014611298166853721,0.00079872,0.020595166543991662
416,0.0014630888004625376,0.0008006399999999999,0.020574088730365172
417,0.0014650477842397035,0.00080256,0.02055303717428473
418,0.001467006768016869,0.0008044799999999999,0.020532011932038473
419,0.0014689657517940346,0.0008064,0.020511013058701413
420,0.0014709247355712003,0.0008083200000000001,0.020490040608148078
421,0.001472883719348366,0.0008102399999999999,0.02046909463306507
422,0.0014748427031255314,0.00081216,0.02044817518496351
423,0.001476801686902697,0.0008140799999999999,0.020427282314191376
424,0.0014787606706798627,0.000816,0.02040641606994574
425,0.001480719654457028,0.0008179199999999999,0.020385576500284885
426,0.0014826786382341937,0.00081984,0.020364763652140336
427,0.0014846376220113595,0.00082176,0.02034397757132876
428,0.001486596605788525,0.0008236799999999999,0.020323218302563808
429,0.00148855558956569,0.0008256,0.020302485889467797
430,0.0014905145733428561,0.0008275199999999999,0.020281780374583336
431,0.0014924735571200218,0.00082944,0.02026110179938483
432,0.0014944325408971875,0.0008313600000000001,0.02024045020428988
433,0.0014963915246743525,0.0008332799999999999,0.0202198256286706
434,0.0014983505084515184,0.0008352,0.020199228110864813
435,0.0015003094922286843,0.0008371199999999999,0.02017865768818717
436,0.00150226847600585,0.00083904,0.020158114396940152
437,0.0015042274597830154,0.0008409599999999999,0.02013759827242498
438,0.0015061864435601808,0.00084288,0.020117109348952444
439,0.0015081454273373463,0.0008448,0.020096647659853605
440,0.001510104411114512,0.0008467199999999999,0.02007621323749043
441,0.0015120633948916776,0.00084864,0.02005580611326632
442,0.0015140223786688433,0.0008505599999999999,0.020035426317636544
443,0.0015159813624460088,0.00085248,0.020015073880118587
444,0.0015179403462231747,0.0008544000000000001,0.01999474882930238
445,0.0015198993300003399,0.0008563199999999999,0.01997445119286048
446,0.0015218583137775058,0.00085824,0.019954180997558114
447,0.0015238172975546712,0.0008601599999999999,0.019933938269263176
448,0.0015257762813318371,0.00086208,0.01991372303295609
449,0.0015277352651090021,0.0008640000000000001,0.01989353531273962
450,0.001529694248886168,0.00086592,0.01987337513184856
451,0.0015316532326633335,0.00086784,0.01985324251265937
452,0.001533612216440499,0.0008697599999999999,0.019833137476699698
453,0.001535571200217665,0.00087168,0.019813060044657816
454,0.0015375301839948303,0.0008735999999999999,0.019793010236391986
455,0.0015394891677719962,0.00087552,0.019772988070939728
456,0.0015414481515491618,0.0008774400000000001,0.01975299356652701
457,0.0015434071353263273,0.0008793599999999999,0.01973302674057734
458,0.0015453661191034928,0.00088128,0.0197130876097208
459,0.0015473251028806584,0.0008831999999999999,0.019693176189802965
460,0.0015492840866578237,0.00088512,0.019673292495893765
461,0.0015512430704349893,0.00088704,0.019653436542296253
462,0.0015532020542121554,0.0008889599999999999,0.019633608342555297
463,0.0015551610379893207,0.00089088,0.01961380790946619
464,0.0015571200217664861,0.0008927999999999999,0.01959403525508317
465,0.0015590790055436516,0.00089472,0.019574290390727882
466,0.0015610379893208175,0.00089664,0.019554573326997744
467,0.0015629969730979834,0.00089856,0.019534884073774236
468,0.0015649559568751488,0.00090048,0.019515222640231124
469,0.0015669149406523138,0.0009023999999999999,0.019495589034842595
470,0.00156887392442948,0.00090432,0.019475983265391315
471,0.0015708329082066454,0.0009062399999999999,0.019456405338976426
472,0.0015727918919838113,0.00090816,0.01943685526202145
473,0.0015747508757609767,0.00091008,0.019417333040282123
474,0.0015767098595381424,0.0009119999999999999,0.019397838678854175
475,0.0015786688433153079,0.00091392,0.019378372182181
476,0.0015806278270924733,0.0009158399999999999,0.019358933554061288
477,0.0015825868108696388,0.00091776,0.019339522797656564
478,0.0015845457946468047,0.00091968,0.01932013991549866
479,0.0015865047784239697,0.0009216,0.01930078490949713
480,0.0015884637622011358,0.0009235199999999999,0.019281457780946566
481,0.0015904227459783015,0.0009254399999999999,0.01926215853053388
482,0.0015923817297554671,0.00092736,0.019242887158345472
483,0.0015943407135326326,0.00092928,0.019223643663874388
484,0.0015962996973097985,0.0009312,0.019204428046027344
485,0.0015982586810869641,0.00093312,0.01918524030313174
486,0.001600217664864129,0.0009350399999999999,0.019166080432942573
487,0.0016021766486412946,0.00093696,0.019146948432649292
488,0.0016041356324184605,0.0009388799999999999,0.019127844298882587
489,0.0016060946161956266,0.0009408,0.019108768027721126
490,0.001608053599972792,0.00094272,0.019089719614698197
491,0.0016100125837499573,0.00094464,0.019070699054808318
492,0.0016119715675271234,0.0009465599999999999,0.01905170634251377
493,0.0016139305513042884,0.0009484799999999999,0.01903274147175105
494,0.0016158895350814545,0.0009504,0.0190138044359373
495,0.0016178485188586196,0.00095232,0.018994895227976632
496,0.0016198075026357857,0.00095424,0.018976013840266426
497,0.0016217664864129507,0.00095616,0.018957160264703544
498,0.0016237254701901164,0.0009580799999999999,0.01893833449269049
499,0.0016256844539672825,0.0009599999999999999,0.018919536515141517
500,0.001627643437744448,0.00096192,0.018900766322488667
501,0.0016296024215216134,0.00096384,0.018882023904687753
502,0.0016315614052987793,0.00096576,0.018863309251224286
503,0.0016335203890759447,0.00096768,0.018844622351119337
504,0.0016354793728531104,0.0009695999999999999,0.018825963192935346
505,0.0016374383566302756,0.0009715199999999999,0.018807331764781884
506,0.001639397340407441,0.00097344,0.018788728054321337
507,0.0016413563241846065,0.00097536,0.018770152048774556
508,0.0016433153079617726,0.0009772799999999999,0.018751603734926427
509,0.001645274291738938,0.0009792,0.018733083099131412
510,0.0016472332755161038,0.0009811199999999998,0.018714590127319023
511,0.0016491922592932694,0.00098304,0.01869612480499924
512,0.001651151243070435,0.00098496,0.01867768711726787
513,0.0016531102268476006,0.0009868799999999999,0.01865927704881188
514,0.0016550692106247662,0.0009888,0.018640894583914637
515,0.001657028194401932,0.0009907199999999998,0.01862253970646113
516,0.0016589871781790973,0.00099264,0.018604212399943126
517,0.001660946161956263,0.00099456,0.01858591264746427
518,0.0016629051457334285,0.00099648,0.018567640431745143
519,0.0016648641295105941,0.0009984,0.018549395735128274
520,0.00166682311328776,0.0010003199999999999,0.018531178539583082
521,0.0016687820970649255,0.00100224,0.018512988826710788
522,0.0016707410808420912,0.0010041599999999998,0.01849482657774927
523,0.0016727000646192564,0.00100608,0.01847669177357788
524,0.001674659048396422,0.001008,0.01845858439472218
525,0.0016766180321735877,0.0010099199999999999,0.018440504421358677
526,0.0016785770159507534,0.00101184,0.01842245183331948
527,0.0016805359997279189,0.0010137599999999998,0.01840442661009691
528,0.0016824949835050845,0.00101568,0.01838642873084808
529,0.0016844539672822502,0.0010176,0.018368458174399423
530,0.0016864129510594157,0.0010195199999999999,0.018350514919251156
531,0.0016883719348365816,0.00102144,0.018332598943581725
532,0.0016903309186137472,0.0010233599999999999,0.018314710225252193
533,0.0016922899023909125,0.00102528,0.01829684874181059
534,0.0016942488861680777,0.0010272,0.018279014470496197
535,0.0016962078699452436,0.00102912,0.01826120738824382
536,0.0016981668537224093,0.00103104,0.018243427471688
537,0.001700125837499575,0.0010329599999999999,0.018225674697167175
538,0.0017020848212767404,0.00103488,0.01820794904072782
539,0.001704043805053906,0.0010367999999999998,0.018190250478128528
540,0.0017060027888310717,0.00103872,0.018172578984844055
541,0.0017079617726082374,0.00104064,0.018154934536069325
542,0.0017099207563854033,0.0010425599999999999,0.01813731710672339
543,0.0017118797401625687,0.00104448,0.018119726671453354
544,0.0017138387239397342,0.0010463999999999998,0.01810216320463826
545,0.0017157977077169,0.00104832,0.018084626680392915
546,0.0017177566914940649,0.00105024,0.01806711707257172
547,0.001719715675271231,0.00105216,0.018049634354772408
548,0.0017216746590483967,0.00105408,0.01803217850033978
549,0.0017236336428255623,0.0010559999999999999,0.01801474948236939
550,0.0017255926266027271,0.00105792,0.017997347273711203
551,0.0017275516103798935,0.00105984,0.017979971846973183
552,0.001729510594157059,0.00106176,0.01796262317452489
553,0.0017314695779342244,0.00106368,0.017945301228501007
554,0.0017334285617113896,0.0010655999999999999,0.017928005980804834
555,0.0017353875454885555,0.00106752,0.01791073740311176
556,0.0017373465292657212,0.0010694399999999998,0.017893495466872692
557,0.0017393055130428866,0.00107136,0.017876280143317443
558,0.0017412644968200527,0.00107328,0.017859091403458083
559,0.0017432234805972177,0.0010752,0.017841929218092276
560,0.0017451824643743836,0.00107712,0.017824793557806553
561,0.0017471414481515493,0.0010790399999999999,0.017807684392979573
562,0.0017491004319287148,0.00108096,0.01779060169378534
563,0.0017510594157058802,0.00108288,0.01777354543019639
564,0.001753018399483046,0.0010848,0.017756515571986937
565,0.0017549773832602113,0.00108672,0.017739512088735997
566,0.0017569363670373772,0.0010886399999999999,0.017722534949830476
567,0.0017588953508145427,0.00109056,0.01770558412446822
568,0.0017608543345917081,0.00109248,0.01768865958166104
569,0.001762813318368874,0.0010944,0.0176717612902377
570,0.0017647723021460393,0.00109632,0.01765488921884687
571,0.001766731285923205,0.00109824,0.017638043335960068
572,0.0017686902697003702,0.00110016,0.01762122360987454
573,0.001770649253477536,0.0011020799999999999,0.01760443000871614
574,0.0017726082372547015,0.001104,0.01758766250044215
575,0.0017745672210318672,0.00110592,0.017570921052844104
576,0.001776526204809033,0.00110784,0.01755420563355054
577,0.001778485188586199,0.00110976,0.017537516210029778
578,0.001780444172363364,0.0011116799999999999,0.0175208527495926
579,0.00178240315614053,0.0011136,0.017504215219394968
580,0.0017843621399176953,0.00111552,0.017487603586440668
581,0.001786321123694861,0.00111744,0.017471017817583947
582,0.0017882801074720262,0.00111936,0.017454457879532113
583,0.0017902390912491923,0.0011212799999999999,0.01743792373884811
584,0.0017921980750263578,0.0011232,0.017421415361953067
585,0.001794157058803523,0.00112512,0.01740493271512882
586,0.001796116042580689,0.00112704,0.017388475764520395
587,0.0017980750263578546,0.00112896,0.017372044476138496
588,0.00180003401013502,0.00113088,0.01735563881586192
589,0.0018019929939121857,0.0011328,0.017339258749439986
590,0.0018039519776893512,0.0011347199999999999,0.017322904242494917
591,0.001805910961466517,0.00113664,0.0173065752605242
592,0.0018078699452436825,0.00113856,0.017290271768902934
593,0.0018098289290208478,0.00114048,0.017273993732886125
594,0.0018117879127980136,0.0011424,0.017257741117610984
595,0.001813746896575179,0.0011443199999999999,0.01724151388809918
596,0.0018157058803523445,0.00114624,0.017225312009259086
597,0.0018176648641295104,0.00114816,0.017209135445887976
598,0.0018196238479066768,0.00115008,0.01719298416267423
599,0.0018215828316838411,0.001152,0.01717685812419949
600,0.0018235418154610072,0.00115392,0.017160757294940803
601,0.0018255007992381723,0.00115584,0.017144681639272734
602,0.0018274597830153381,0.0011577599999999999,0.017128631121469465
603,0.001829418766792504,0.00115968,0.017112605705706864
604,0.0018313777505696695,0.0011616,0.01709660535606454
605,0.0018333367343468352,0.00116352,0.017080630036527853
606,0.0018352957181240008,0.00116544,0.01706467971098994
607,0.0018372547019011663,0.0011673599999999999,0.017048754343253675
608,0.0018392136856783322,0.00116928,0.017032853897033646
609,0.0018411726694554976,0.0011712,0.017016978335958083
610,0.0018431316532326635,0.00117312,0.01700112762357078
611,0.0018450906370098288,0.00117504,0.016985301723332985
612,0.0018470496207869942,0.00117696,0.01696950059862528
613,0.00184900860456416,0.00117888,0.016953724212749436
614,0.0018509675883413258,0.0011808,0.01693797252893024
615,0.0018529265721184908,0.00118272,0.016922245510317308
616,0.0018548855558956565,0.00118464,0.016906543119986888
617,0.0018568445396728223,0.00118656,0.01689086532094362
618,0.001858803523449988,0.00118848,0.016875212076122297
619,0.0018607625072271537,0.0011903999999999999,0.016859583348389596
620,0.0018627214910043187,0.00119232,0.01684397910054579
621,0.001864680474781485,0.00119424,0.016828399295326438
622,0.0018666394585586505,0.00119616,0.016812843895404075
623,0.001868598442335816,0.00119808,0.016797312863389858
624,0.0018705574261129814,0.0012,0.016781806161835205
625,0.0018725164098901475,0.00120192,0.016766323753233413
626,0.0018744753936673125,0.00120384,0.016750865600021266
627,0.0018764343774444784,0.0012057600000000002,0.01673543166458061
628,0.0018783933612216432,0.0012076799999999998,0.016720021909239928
629,0.0018803523449988093,0.0012096,0.016704636296275874
630,0.0018823113287759752,0.00121152,0.016689274787914814
631,0.0018842703125531409,0.00121344,0.016673937346334333
632,0.0018862292963303063,0.00121536,0.016658623933664737
633,0.0018881882801074718,0.0012172799999999998,0.016643334511990522
634,0.0018901472638846377,0.0012192,0.016628069043351842
635,0.0018921062476618033,0.00122112,0.016612827489745945
636,0.0018940652314389684,0.00122304,0.016597609813128612
637,0.0018960242152161343,0.00122496,0.016582415975415564
638,0.0018979831989932997,0.0012268799999999999,0.01656724593848385
639,0.0018999421827704652,0.0012288,0.016552099664173238
640,0.0019019011665476313,0.00123072,0.016536977114287574
641,0.0019038601503247967,0.0012326400000000001,0.016521878250596124
642,0.0019058191341019624,0.00123456,0.01650680303483491
643,0.0019077781178791272,0.0012364799999999999,0.016491751428708033
644,0.0019097371016562935,0.0012384,0.016476723393888962
645,0.0019116960854334592,0.00124032,0.016461718892021828
646,0.0019136550692106244,0.0012422400000000001,0.01644673788472269
647,0.0019156140529877899,0.0012441599999999998,0.016431780333580802
648,0.0019175730367649558,0.0012460799999999999,0.016416846200159835
649,0.001919532020542121,0.001248,0.016401935445999126
650,0.0019214910043192865,0.00124992,0.016387048032614874
651,0.0019234499880964524,0.00125184,0.016372183921501346
652,0.001925408971873618,0.0012537599999999998,0.01635734307413206
653,0.0019273679556507837,0.00125568,0.01634252545196096
654,0.0019293269394279491,0.0012576,0.01632773101642355
655,0.0019312859232051153,0.00125952,0.016312959728938075
656,0.001933244906982281,0.00126144,0.016298211550906612
657,0.0019352038907594462,0.0012633599999999998,0.016283486443716213
658,0.0019371628745366114,0.00126528,0.01626878436873999
659,0.0019391218583137773,0.0012672,0.016254105287338217
660,0.001941080842090943,0.00126912,0.016239449160859395
661,0.0019430398258681082,0.00127104,0.016224815950641326
662,0.0019449988096452734,0.0012729599999999998,0.016210205618012154
663,0.0019469577934224395,0.00127488,0.01619561812429141
664,0.0019489167771996052,0.0012768,0.01618105343079103
665,0.0019508757609767709,0.0012787200000000001,0.01616651149881638
666,0.0019528347447539366,0.00128064,0.016151992289667242
667,0.001954793728531102,0.0012825599999999999,0.01613749576463882
668,0.0019567527123082675,0.00128448,0.016123021885022695
669,0.001958711696085434,0.0012864,0.01610857061210781
670,0.0019606706798625992,0.00128832,0.016094141907181416
671,0.0019626296636397647,0.00129024,0.016079735731530008
672,0.00196458864741693,0.0012921599999999999,0.016065352046440256
673,0.0019665476311940956,0.00129408,0.016050990813199932
674,0.001968506614971261,0.001296,0.016036651993098814
675,0.0019704655987484265,0.00129792,0.016022335547429573
676,0.001972424582525593,0.00129984,0.016008041437488667
677,0.0019743835663027587,0.00130176,0.015993769624577214
678,0.0019763425500799233,0.00130368,0.015979520070001856
679,0.0019783015338570896,0.0013056,0.015965292735075604
680,0.0019802605176342547,0.00130752,0.015951087581118687
681,0.0019822195014114205,0.0013094399999999998,0.01593690456945938
682,0.001984178485188586,0.00131136,0.01592274366143483
683,0.001986137468965752,0.00131328,0.01590860481839186
684,0.0019880964527429173,0.0013152,0.015894488001687773
685,0.0019900554365200832,0.00131712,0.01588039317269114
686,0.0019920144202972482,0.0013190399999999998,0.01586632029278258
687,0.001993973404074414,0.00132096,0.01585226932335554
688,0.0019959323878515796,0.00132288,0.015838240225817035
689,0.001997891371628745,0.0013248,0.015824232961588424
690,0.0019998503554059105,0.00132672,0.01581024749210613
691,0.002001809339183076,0.0013286399999999999,0.015796283778822386
692,0.002003768322960242,0.00133056,0.015782341783205953
693,0.0020057273067374073,0.00133248,0.015768421466742826
694,0.0020076862905145727,0.0013344,0.01575452279093695
695,0.002009645274291738,0.00133632,0.01574064571731091
696,0.002011604258068905,0.0013382399999999999,0.015726790207406614
697,0.00201356324184607,0.00134016,0.01571295622278597
698,0.0020155222256232354,0.00134208,0.01569914372503156
699,0.002017481209400401,0.001344,0.015685352675747298
700,0.0020194401931775663,0.00134592,0.01567158303655907
701,0.0020213991769547322,0.0013478399999999999,0.015657834769115395
702,0.002023358160731898,0.00134976,0.015644107835088045
703,0.002025317144509063,0.00135168,0.015630402196172666
704,0.0020272761282862286,0.0013536,0.015616717814089416
705,0.0020292351120633945,0.00135552,0.015603054650583554
706,0.0020311940958405604,0.00135744,0.015589412667426047
707,0.002033153079617726,0.00135936,0.015575791826414167
708,0.0020351120633948917,0.0013612799999999999,0.015562192089372068
709,0.002037071047172057,0.0013632,0.015548613418151369
710,0.0020390300309492226,0.0013651199999999998,0.015535055774631722
711,0.002040989014726388,0.00136704,0.015521519120721375
712,0.0020429479985035535,0.00136896,0.015508003418357716
713,0.0020449069822807194,0.0013708799999999999,0.015494508629507834
714,0.002046865966057885,0.0013728,0.015481034716169047
715,0.0020488249498350503,0.0013747199999999998,0.015467581640369437
716,0.002050783933612216,0.00137664,0.015454149364168375
717,0.0020527429173893817,0.00137856,0.015440737849657033
718,0.0020547019011665467,0.00138048,0.015427347058958903
719,0.002056660884943713,0.0013824,0.01541397695423029
720,0.002058619868720878,0.0013843199999999999,0.015400627497660812
721,0.002060578852498044,0.00138624,0.015387298651473888
722,0.00206253783627521,0.00138816,0.015373990377927221
723,0.002064496820052375,0.00139008,0.015360702639313271
724,0.0020664558038295407,0.001392,0.015347435397959725
725,0.0020684147876067066,0.0013939199999999999,0.015334188616229956
726,0.0020703737713838725,0.00139584,0.01532096225652348
727,0.0020723327551610375,0.0013977599999999998,0.015307756281276404
728,0.0020742917389382034,0.00139968,0.015294570652961867
729,0.0020762507227153693,0.0014016,0.01528140533409048
730,0.002078209706492534,0.00140352,0.01526826028721075
731,0.0020801686902696998,0.00140544,0.015255135474909505
732,0.0020821276740468657,0.0014073599999999999,0.015242030859812314
733,0.0020840866578240315,0.00140928,0.015228946404583887
734,0.0020860456416011966,0.0014112,0.015215882071928498
735,0.002088004625378362,0.00141312,0.015202837824590367
736,0.0020899636091555283,0.00141504,0.01518981362535406
737,0.002091922592932694,0.0014169599999999999,0.015176809437044877
738,0.0020938815767098592,0.00141888,0.01516382522252923
739,0.0020958405604870247,0.0014208,0.015150860944715022
740,0.0020977995442641897,0.00142272,0.015137916566552011
741,0.0020997585280413565,0.00142464,0.015124992051032184
742,0.002101717511818521,0.00142656,0.015112087361190102
743,0.002103676495595687,0.00142848,0.015099202460103267
744,0.002105635479372853,0.0014303999999999999,0.015086337310892461
745,0.0021075944631500183,0.00143232,0.01507349187672209
746,0.002109553446927184,0.0014342399999999998,0.015060666120800523
747,0.0021115124307043496,0.00143616,0.01504786000638042
748,0.002113471414481515,0.00143808,0.015035073496759064
749,0.00211543039825868,0.0014399999999999999,0.015022306555278678
750,0.0021173893820358464,0.00144192,0.015009559145326742
751,0.002119348365813012,0.0014438399999999998,0.014996831230336308
752,0.0021213073495901778,0.00144576,0.014984122773786296
753,0.002123266333367343,0.00144768,0.01497143373920181
754,0.002125225317144509,0.0014495999999999999,0.014958764090154422
755,0.0021271843009216746,0.00145152,0.014946113790262469
756,0.00212914328469884,0.0014534399999999999,0.014933482803191341
757,0.002131102268476006,0.00145536,0.014920871092653758
758,0.0021330612522531714,0.00145728,0.014908278622410055
759,0.002135020236030337,0.0014592,0.014895705356268446
760,0.0021369792198075023,0.00146112,0.0148831512580853
761,0.0021389382035846677,0.0014630399999999999,0.0148706162917654
762,0.0021408971873618336,0.00146496,0.014858100421262201
763,0.0021428561711389995,0.00146688,0.014845603610578092
764,0.0021448151549161645,0.0014688,0.014833125823764639
765,0.002146774138693331,0.0014707199999999998,0.014820667024922832
766,0.0021487331224704967,0.0014726399999999999,0.014808227178203332
767,0.0021506921062476618,0.00147456,0.014795806247806704
768,0.0021526510900248272,0.00147648,0.014783404197983649
769,0.0021546100738019922,0.0014784,0.014771020993035238
770,0.002156569057579158,0.0014803199999999998,0.014758656597313135
771,0.0021585280413563236,0.00148224,0.014746310975219815
772,0.0021604870251334903,0.00148416,0.014733984091208786
773,0.0021624460089106554,0.00148608,0.0147216759097848
774,0.0021644049926878204,0.001488,0.01470938639550406
775,0.002166363976464986,0.0014899199999999998,0.014697115512974427
776,0.0021683229602421513,0.00149184,0.014684863226855624
777,0.0021702819440193176,0.00149376,0.01467262950185943
778,0.002172240927796483,0.0014956799999999999,0.014660414302749874
779,0.002174199911573649,0.0014976,0.014648217594343427
780,0.0021761588953508144,0.0014995199999999998,0.014636039341509187
781,0.00217811787912798,0.00150144,0.014623879509169064
782,0.0021800768629051458,0.00150336,0.014611738062297956
783,0.0021820358466823116,0.00150528,0.014599614965923925
784,0.002183994830459477,0.0015071999999999998,0.014587510185128372
785,0.0021859538142366425,0.0015091199999999999,0.014575423685046208
786,0.002187912798013808,0.00151104,0.014563355430866008
787,0.0021898717817909735,0.00151296,0.014551305387830183
788,0.0021918307655681393,0.00151488,0.014539273521235139
789,0.002193789749345305,0.0015167999999999998,0.014527259796431425
790,0.00219574873312247,0.0015187199999999999,0.01451526417882389
791,0.0021977077168996357,0.00152064,0.01450328663387183
792,0.002199666700676801,0.00152256,0.014491327127089136
793,0.0022016256844539666,0.00152448,0.01447938562404443
794,0.0022035846682311325,0.0015263999999999998,0.01446746209036121
795,0.0022055436520082984,0.00152832,0.014455556491717985
796,0.002207502635785464,0.00153024,0.014443668793848407
797,0.0022094616195626293,0.00153216,0.014431798962541398
798,0.0022114206033397943,0.00153408,0.014419946963641283
799,0.0022133795871169606,0.0015359999999999998,0.014408112763047907
800,0.002215338570894126,0.00153792,0.014396296326716762
801,0.002217297554671291,0.00153984,0.014384497620659104
802,0.0022192565384484574,0.00154176,0.014372716610942061
803,0.0022212155222256233,0.0015436799999999997,0.014360953263688758
804,0.0022231745060027884,0.0015455999999999998,0.014349207545078414
805,0.002225133489779954,0.00154752,0.014337479421346458
806,0.0022270924735571193,0.00154944,0.014325768858784628
807,0.0022290514573342856,0.0015513600000000001,0.014314075823741073
808,0.002231010441111451,0.0015532799999999998,0.014302400282620453
809,0.0022329694248886165,0.0015551999999999999,0.014290742201884034
810,0.002234928408665782,0.00155712,0.014279101548049782
811,0.0022368873924429474,0.00155904,0.014267478287692452
812,0.0022388463762201137,0.00156096,0.014255872387443679
813,0.002240805359997279,0.0015628799999999998,0.014244283813992061
814,0.002242764343774444,0.0015647999999999999,0.014232712534083244
815,0.00224472332755161,0.00156672,0.01422115851452
816,0.002246682311328775,0.00156864,0.014209621722162311
817,0.0022486412951059406,0.00157056,0.014198102123927438
818,0.0022506002788831073,0.0015724799999999998,0.01418659968679
819,0.0022525592626602723,0.0015743999999999999,0.014175114377782037
820,0.0022545182464374382,0.00157632,0.014163646163993092
821,0.0022564772302146037,0.00157824,0.014152195012570264
822,0.0022584362139917696,0.0015801599999999997,0.014140760890718279
823,0.0022603951977689355,0.0015820799999999998,0.014129343765699553
824,0.0022623541815461,0.001584,0.014117943604834246
825,0.002264313165323266,0.00158592,0.014106560375500326
826,0.002266272149100431,0.00158784,0.014095194045133617
827,0.0022682311328775973,0.0015897599999999997,0.014083844581227863
828,0.0022701901166547627,0.0015916799999999998,0.014072511951334764
829,0.0022721491004319286,0.0015936,0.014061196123064038
830,0.0022741080842090936,0.00159552,0.014049897064083463
831,0.002276067067986259,0.00159744,0.01403861474211892
832,0.0022780260517634254,0.0015993599999999998,0.014027349124954437
833,0.0022799850355405913,0.0016012799999999998,0.014016100180432232
834,0.002281944019317756,0.0016032,0.01400486787645275
835,0.0022839030030949218,0.00160512,0.013993652180974698
836,0.002285861986872087,0.0016070400000000001,0.013982453062015083
837,0.0022878209706492536,0.0016089599999999998,0.013971270487649243
838,0.0022897799544264186,0.0016108799999999999,0.01396010442601088
839,0.002291738938203584,0.0016128,0.013948954845292086
840,0.00229369792198075,0.00161472,0.013937821713743373
841,0.002295656905757915,0.0016166400000000001,0.013926704999673698
842,0.0022976158895350804,0.0016185599999999998,0.013915604671450484
843,0.0022995748733122467,0.0016204799999999999,0.013904520697499648
844,0.002301533857089412,0.0016224,0.013893453046305617
845,0.002303492840866577,0.00162432,0.013882401686411347
846,0.002305451824643744,0.0016262399999999997,0.013871366586418337
847,0.002307410808420909,0.0016281599999999998,0.01386034771498665
848,0.0023093697921980753,0.00163008,0.013849345040834923
849,0.00231132877597524,0.001632,0.013838358532740378
850,0.002313287759752406,0.00163392,0.013827388159538835
851,0.002315246743529571,0.0016358399999999997,0.013816433890124718
852,0.0023172057273067367,0.0016377599999999998,0.013805495693451061
853,0.0023191647110839026,0.00163968,0.013794573538529517
854,0.002321123694861068,0.0016416,0.013783667394430358
855,0.0023230826786382335,0.00164352,0.01377277723028248
856,0.0023250416624153994,0.0016454399999999998,0.013761903015273403
857,0.002327000646192565,0.0016473599999999998,0.013751044718649269
858,0.0023289596299697303,0.00164928,0.01374020230971484
859,0.0023309186137468957,0.0016512,0.013729375757833498
860,0.0023328775975240616,0.0016531200000000001,0.013718565032427233
861,0.0023348365813012275,0.0016550399999999998,0.013707770102976642
862,0.0023367955650783925,0.0016569599999999999,0.013696990939020921
863,0.0023387545488555584,0.00165888,0.013686227510157849
864,0.0023407135326327243,0.0016608,0.013675479786043786
865,0.0023426725164098893,0.0016627200000000001,0.013664747736393658
866,0.0023446315001870556,0.0016646399999999998,0.013654031330980938
867,0.002346590483964221,0.0016665599999999999,0.013643330539637639
868,0.0023485494677413865,0.00166848,0.013632645332254294
869,0.002350508451518552,0.0016704,0.01362197567877994
870,0.002352467435295717,0.0016723200000000001,0.013611321549222097
871,0.002354426419072883,0.0016742399999999998,0.013600682913646753
872,0.002356385402850049,0.0016761599999999999,0.013590059742178336
873,0.0023583443866272147,0.00167808,0.013579452004999697
874,0.0023603033704043797,0.00168,0.013568859672352088
875,0.002362262354181546,0.0016819199999999997,0.013558282714535129
876,0.0023642213379587115,0.0016838399999999998,0.013547721101906789
877,0.0023661803217358765,0.00168576,0.013537174804883359
878,0.0023681393055130424,0.00168768,0.01352664379393942
879,0.0023700982892902083,0.0016896,0.013516128039607818
880,0.002372057273067373,0.0016915199999999997,0.013505627512479627
881,0.0023740162568445388,0.0016934399999999998,0.013495142183204127
882,0.0023759752406217046,0.00169536,0.01348467202248876
883,0.00237793422439887,0.00169728,0.013474217001099107
884,0.0023798932081760356,0.0016992,0.013463777089858846
885,0.0023818521919532023,0.0017011199999999998,0.013453352259649718
886,0.002383811175730367,0.0017030399999999998,0.013442942481411493
887,0.0023857701595075323,0.00170496,0.013432547726141929
888,0.0023877291432846982,0.00170688,0.013422167964896732
889,0.0023896881270618646,0.0017088000000000001,0.013411803168789522
890,0.0023916471108390296,0.0017107199999999998,0.013401453308991784
891,0.002393606094616195,0.0017126399999999999,0.013391118356732835
892,0.002395565078393361,0.00171456,0.013380798283299772
893,0.0023975240621705264,0.00171648,0.013370493060037436
894,0.0023994830459476923,0.0017184000000000001,0.013360202658348362
895,0.002401442029724858,0.0017203199999999998,0.013349927049692739
896,0.002403401013502023,0.0017222399999999999,0.013339666205588357
897,0.0024053599972791886,0.00172416,0.013329420097610567
898,0.0024073189810563545,0.00172608,0.013319188697392225
899,0.00240927796483352,0.0017280000000000002,0.01330897197662365
900,0.002411236948610686,0.0017299199999999998,0.013298769907052567
901,0.002413195932387851,0.00173184,0.013288582460484063
902,0.0024151549161650168,0.00173376,0.013278409608780531
903,0.0024171138999421827,0.00173568,0.013268251323861622
904,0.0024190728837193485,0.0017376,0.013258107577704185
905,0.0024210318674965136,0.0017395199999999998,0.013247978342342221
906,0.002422990851273679,0.00174144,0.013237863589866821
907,0.0024249498350508445,0.00174336,0.013227763292426113
908,0.0024269088188280104,0.00174528,0.013217677422225209
909,0.0024288678026051762,0.0017471999999999998,0.013207605951526143
910,0.0024308267863823413,0.0017491199999999998,0.013197548852647819
911,0.0024327857701595076,0.00175104,0.013187506097965944
912,0.0024347447539366735,0.00175296,0.013177477659912978
913,0.0024367037377138385,0.0017548800000000001,0.013167463510978066
914,0.002438662721491004,0.0017567999999999998,0.013157463623706985
915,0.002440621705268169,0.0017587199999999999,0.013147477970702074
916,0.002442580689045335,0.00176064,0.01313750652462218
917,0.0024445396728225008,0.00176256,0.01312754925818259
918,0.002446498656599666,0.0017644800000000001,0.013117606144154975
919,0.0024484576403768325,0.0017663999999999998,0.013107677155367313
920,0.0024504166241539975,0.0017683199999999999,0.013097762264703838
921,0.002452375607931163,0.00177024,0.013087861445104964
922,0.0024543345917083285,0.00177216,0.013077974669567229
923,0.0024562935754854935,0.00177408,0.01306810191114322
924,0.00245825255926266,0.0017759999999999998,0.013058243142941512
925,0.0024602115430398257,0.0017779199999999999,0.013048398338126595
926,0.0024621705268169907,0.00177984,0.013038567469918811
927,0.002464129510594157,0.00178176,0.013028750511594283
928,0.0024660884943713216,0.00178368,0.013018947436484843
929,0.0024680474781484884,0.0017855999999999998,0.013009158217977964
930,0.0024700064619256534,0.00178752,0.012999382829516693
931,0.002471965445702819,0.00178944,0.012989621244599577
932,0.0024739244294799843,0.00179136,0.012979873436780587
933,0.00247588341325715,0.00179328,0.012970139379669055
934,0.002477842397034316,0.0017951999999999998,0.012960419046929595
935,0.002479801380811482,0.00179712,0.012950712412282031
936,0.0024817603645886466,0.00179904,0.012941019449501327
937,0.0024837193483658133,0.00180096,0.012931340132417507
938,0.002485678332142979,0.00180288,0.012921674434915585
939,0.0024876373159201447,0.0018047999999999999,0.012912022330935488
940,0.0024895962996973097,0.00180672,0.01290238379447198
941,0.0024915552834744756,0.00180864,0.01289275879957459
942,0.0024935142672516406,0.00181056,0.012883147320347529
943,0.002495473251028807,0.0018124799999999998,0.012873549330949622
944,0.0024974322348059715,0.0018143999999999999,0.01286396480559422
945,0.002499391218583137,0.00181632,0.012854393718549134
946,0.0025013502023603033,0.00181824,0.012844836044136545
947,0.0025033091861374683,0.00182016,0.012835291756732935
948,0.0025052681699146337,0.0018220799999999998,0.012825760830769004
949,0.0025072271536918,0.0018239999999999999,0.01281624324072959
950,0.0025091861374689655,0.00182592,0.012806738961153592
951,0.002511145121246131,0.00182784,0.012797247966633887
952,0.0025131041050232964,0.00182976,0.012787770231817252
953,0.002515063088800462,0.0018316799999999998,0.012778305731404281
954,0.002517022072577627,0.0018336,0.012768854440149306
955,0.002518981056354793,0.00183552,0.012759416332860315
956,0.0025209400401319587,0.00183744,0.012749991384398867
957,0.002522899023909124,0.00183936,0.012740579569680015
958,0.002524858007686291,0.0018412799999999998,0.01273118086367222
959,0.0025268169914634555,0.0018432,0.012721795241397268
960,0.002528775975240621,0.00184512,0.012712422677930187
961,0.0025307349590177873,0.0018470399999999999,0.012703063148399165
962,0.002532693942794953,0.00184896,0.012693716627985466
963,0.0025346529265721177,0.0018508799999999998,0.012684383091923344
964,0.002536611910349284,0.0018528,0.01267506251549996
965,0.002538570894126449,0.00185472,0.012665754874055293
966,0.002540529877903614,0.00185664,0.012656460142982065
967,0.0025424888616807804,0.00185856,0.012647178297725645
968,0.0025444478454579463,0.0018604799999999999,0.01263790931378397
969,0.002546406829235111,0.0018624,0.012628653166707455
970,0.0025483658130122776,0.00186432,0.01261940983209891
971,0.002550324796789443,0.00186624,0.012610179285613454
972,0.0025522837805666094,0.00186816,0.012600961502958422
973,0.002554242764343775,0.0018700799999999999,0.012591756459893287
974,0.0025562017481209395,0.001872,0.012582564132229567
975,0.0025581607318981054,0.00187392,0.01257338449583074
976,0.002560119715675271,0.00187584,0.012564217526612152
977,0.0025620786994524363,0.0018777599999999998,0.01255506320054094
978,0.0025640376832296017,0.00187968,0.01254592149363593
979,0.0025659966670067676,0.0018816,0.012536792381967561
980,0.002567955650783933,0.0018835199999999999,0.012527675841657787
981,0.0025699146345610985,0.00188544,0.012518571848879992
982,0.002571873618338264,0.0018873599999999998,0.012509480379858903
983,0.0025738326021154303,0.00188928,0.012500401410870499
984,0.0025757915858925953,0.0018912,0.012491334918241922
985,0.002577750569669761,0.0018931199999999999,0.012482280878351388
986,0.0025797095534469267,0.00189504,0.012473239267628096
987,0.0025816685372240925,0.0018969599999999998,0.012464210062552139
988,0.002583627521001258,0.00189888,0.012455193239654414
989,0.002585586504778424,0.0019008,0.012446188775516532
990,0.0025875454885555898,0.0019027199999999999,0.012437196646770727
991,0.002589504472332755,0.00190464,0.012428216830099766
992,0.0025914634561099207,0.0019065599999999999,0.012419249302236857
993,0.0025934224398870853,0.00190848,0.012410294039965563
994,0.002595381423664252,0.0019104,0.012401351020119702
995,0.0025973404074414175,0.00191232,0.012392420219583268
996,0.002599299391218583,0.00191424,0.012383501615290327
997,0.002601258374995749,0.0019161599999999999,0.012374595184224934
998,0.0026032173587729147,0.00191808,0.01236570090342104
999,0.0026051763425500797,0.0019199999999999998,0.012356818749962398
