step,max_uncertainty,mean_uncertainty,uncertainty_spread,analytical_sigma2
0,1.0,0.0064,0.0064,1.6799999999999998e-06
1,1.0,0.0064,0.0064,3.3599999999999996e-06
2,1.0,0.0064,0.0064,5.04e-06
3,0.9999999993776608,0.0064,0.0064,6.719999999999999e-06
4,0.9999999969092146,0.0064,0.0064,8.4e-06
5,0.9999999907898925,0.0063999999999999994,0.0064,1.008e-05
6,0.9999999786538789,0.0064,0.0064,1.176e-05
7,0.999999957593801,0.0064,0.0064,1.3439999999999998e-05
8,0.9999999241797648,0.0064,0.0064,1.5119999999999998e-05
9,0.9999998744779444,0.0063999999999999994,0.0064,1.68e-05
10,0.9999998040687348,0.0064,0.0064,1.8479999999999996e-05
11,0.999999708064477,0.0064,0.0064,2.016e-05
12,0.9999995811267636,0.0063999999999999994,0.0088,2.1839999999999998e-05
13,0.9999994174833329,0.0063999999999999994,0.0096,2.352e-05
14,0.9999992109445616,0.0064,0.0096,2.52e-05
15,0.9999989549195616,0.0063999999999999994,0.0096,2.6879999999999997e-05
16,0.9999986424318915,0.0064,0.0096,2.8559999999999998e-05
17,0.9999982661348886,0.0064,0.0096,3.0239999999999995e-05
18,0.9999978183266307,0.006400000000000001,0.0096,3.192e-05
19,0.9999972909645339,0.006400000000000001,0.0096,3.36e-05
20,0.9999966756795948,0.0063999999999999994,0.0096,3.5279999999999994e-05
21,0.9999959637902842,0.0063999999999999994,0.0096,3.695999999999999e-05
22,0.9999951463160989,0.006400000000000001,0.0096,3.8639999999999996e-05
23,0.9999942139907793,0.0064,0.0096,4.032e-05
24,0.9999931572751994,0.006400000000000001,0.0096,4.2e-05
25,0.9999919663699361,0.0064,0.0096,4.3679999999999995e-05
26,0.999990631227524,0.0063999999999999994,0.0096,4.536e-05
27,0.9999891415644021,0.0063999999999999994,0.0096,4.704e-05
28,0.9999874868725609,0.0064,0.0096,4.8719999999999994e-05
29,0.9999856564308922,0.006400000000000001,0.0096,5.04e-05
30,0.9999836393162519,0.0063999999999999994,0.0096,5.2079999999999996e-05
31,0.9999814244142387,0.0064,0.0096,5.3759999999999994e-05
32,0.999979000429696,0.0064,0.0096,5.543999999999999e-05
33,0.9999763558969439,0.0064,0.0096,5.7119999999999995e-05
34,0.9999734791897437,0.0064,0.0096,5.879999999999999e-05
35,0.9999703585310039,0.006400000000000001,0.0096,6.047999999999999e-05
36,0.999966982002232,0.0064,0.0096,6.215999999999999e-05
37,0.9999633375527358,0.0064,0.0096,6.384e-05
38,0.9999594130085824,0.0064,0.0096,6.552e-05
39,0.9999551960813179,0.0064,0.0096,6.72e-05
40,0.9999506743764534,0.0064,0.0096,6.887999999999999e-05
41,0.9999458354017229,0.0064,0.0096,7.055999999999999e-05
42,0.9999406665751174,0.0064,0.0096,7.223999999999999e-05
43,0.9999351552326994,0.0063999999999999994,0.0096,7.391999999999998e-05
44,0.9999292886362039,0.0064,0.0096,7.56e-05
45,0.9999230539804296,0.0064,0.0096,7.727999999999999e-05
46,0.9999164384004244,0.0064,0.0096,7.895999999999999e-05
47,0.9999094289784712,0.0064,0.0096,8.064e-05
48,0.999902012750876,0.0063999999999999994,0.0096,8.232e-05
49,0.9998941767145645,0.0064,0.0096,8.4e-05
50,0.9998859078334909,0.0063999999999999994,0.0096,8.567999999999999e-05
51,0.9998771930448622,0.0064,0.0096,8.735999999999999e-05
52,0.9998680192651833,0.0063999999999999994,0.0096,8.903999999999999e-05
53,0.9998583733961249,0.0064,0.0096,9.072e-05
54,0.9998482423302205,0.0064,0.0096,9.239999999999998e-05
55,0.9998376129563942,0.006400000000000001,0.0096,9.408e-05
56,0.9998264721653237,0.0064,0.0096,9.575999999999998e-05
57,0.9998148068546433,0.0064,0.0096,9.743999999999999e-05
58,0.9998026039339876,0.0064,0.0096,9.911999999999999e-05
59,0.9997898503298825,0.0064,0.0096,0.0001008
60,0.9997765329904856,0.0064,0.0096,0.00010247999999999998
61,0.9997626388901779,0.0064,0.0096,0.00010415999999999999
62,0.9997481550340128,0.0064,0.0096,0.00010583999999999998
63,0.9997330684620239,0.0064,0.0096,0.00010751999999999999
64,0.9997173662533949,0.0063999999999999994,0.0096,0.0001092
65,0.9997010355304949,0.0064,0.0096,0.00011087999999999998
66,0.9996840634627826,0.0063999999999999994,0.0096,0.00011255999999999999
67,0.999666437270581,0.0064,0.0096,0.00011423999999999999
68,0.9996481442287276,0.0063999999999999994,0.0096,0.00011592
69,0.9996291716701005,0.0064,0.0096,0.00011759999999999999
70,0.999609506989025,0.006400000000000001,0.0096,0.00011928
71,0.9995891376445633,0.006399999999999999,0.0096,0.00012095999999999998
72,0.9995680511636886,0.0064,0.0096,0.00012264
73,0.9995462351443478,0.0063999999999999994,0.0096,0.00012431999999999998
74,0.9995236772584145,0.0064,0.0096,0.000126
75,0.9995003652545351,0.0064,0.0096,0.00012768
76,0.9994762869608704,0.0064,0.0096,0.00012936
77,0.9994514302877353,0.0064,0.0096,0.00013104
78,0.9994257832301383,0.0063999999999999994,0.0096,0.00013272
79,0.9993993338702243,0.0064,0.0096,0.0001344
80,0.999372070379622,0.0064,0.0096,0.00013607999999999998
81,0.9993439810216981,0.0064,0.0096,0.00013775999999999998
82,0.9993150541537217,0.006400000000000001,0.0096,0.00013943999999999998
83,0.9992852782289391,0.0064,0.0096,0.00014111999999999998
84,0.9992546417985628,0.0063999999999999994,0.0096,0.0001428
85,0.9992231335136762,0.006400000000000001,0.01,0.00014447999999999997
86,0.9991907421270555,0.0064,0.01,0.00014616
87,0.9991574564949115,0.0064,0.01,0.00014783999999999997
88,0.9991232655785529,0.0063999999999999994,0.01,0.00014952
89,0.999088158445973,0.0064,0.01,0.0001512
90,0.9990521242733613,0.0064,0.01,0.00015287999999999999
91,0.999015152346543,0.006400000000000001,0.01,0.00015455999999999998
92,0.9989772320623468,0.006400000000000001,0.01,0.00015623999999999998
93,0.9989383529299033,0.006400000000000001,0.01,0.00015791999999999998
94,0.9988985045718759,0.006400000000000001,0.01,0.00015959999999999998
95,0.9988576767256259,0.006400000000000001,0.01,0.00016128
96,0.9988158592443125,0.0064,0.01,0.00016295999999999997
97,0.9987730420979312,0.006400000000000001,0.01,0.00016464
98,0.9987292153742897,0.0064,0.01,0.00016632
99,0.9986843692799252,0.0064,0.01,0.000168
100,0.998638494140963,0.006400000000000001,0.01,0.00016968
101,0.9985915804039184,0.0064,0.01,0.00017135999999999999
102,0.998543618636444,0.0064,0.01,0.00017303999999999998
103,0.9984945995280224,0.006400000000000001,0.01,0.00017471999999999998
104,0.9984445138906068,0.0064,0.01,0.0001764
105,0.9983933526592107,0.0064,0.0116,0.00017807999999999998
106,0.9983411068924476,0.0064,0.0116,0.00017975999999999997
107,0.9982877677730224,0.0064,0.0116,0.00018144
108,0.9982333266081759,0.006400000000000001,0.0116,0.00018312
109,0.9981777748300825,0.0064,0.0124,0.00018479999999999997
110,0.9981211039962045,0.0064,0.0124,0.00018648
111,0.9980633057896016,0.0064,0.0124,0.00018816
112,0.9980043720191992,0.0064,0.0124,0.00018983999999999998
113,0.9979442946200148,0.006400000000000001,0.0124,0.00019151999999999996
114,0.9978830656533444,0.006400000000000001,0.0124,0.00019319999999999998
115,0.9978206773069104,0.0064,0.0124,0.00019487999999999998
116,0.9977571218949711,0.0064,0.0124,0.00019656
117,0.9976923918583939,0.0064,0.0124,0.00019823999999999997
118,0.9976264797646919,0.0064,0.0124,0.00019991999999999997
119,0.9975593783080267,0.0063999999999999994,0.0124,0.0002016
120,0.9974910803091765,0.006400000000000001,0.0124,0.00020328
121,0.9974215787154723,0.006400000000000003,0.0124,0.00020495999999999996
122,0.9973508666007009,0.006400000000000001,0.0124,0.00020663999999999996
123,0.9972789371649785,0.0064,0.0124,0.00020831999999999998
124,0.997205783734593,0.0064,0.0124,0.00020999999999999998
125,0.9971313997618176,0.006400000000000001,0.0124,0.00021167999999999995
126,0.9970557788246964,0.006400000000000001,0.0124,0.00021335999999999998
127,0.9969789146268018,0.0064,0.0124,0.00021503999999999997
128,0.9969008009969659,0.0064,0.0124,0.00021672
129,0.9968214318889859,0.0064,0.0124,0.0002184
130,0.9967408013813043,0.006400000000000001,0.0124,0.00022007999999999997
131,0.9966589036766653,0.0064,0.0124,0.00022175999999999996
132,0.9965757331017473,0.006400000000000001,0.0124,0.00022344
133,0.9964912841067726,0.006400000000000001,0.0124,0.00022511999999999999
134,0.9964055512650956,0.0064,0.0132,0.00022679999999999996
135,0.996318529272769,0.0063999999999999994,0.0132,0.00022847999999999998
136,0.9962302129480903,0.0063999999999999994,0.0132,0.00023015999999999998
137,0.9961405972311275,0.0064,0.0132,0.00023184
138,0.9960496771832258,0.0064,0.0132,0.00023351999999999997
139,0.9959574479864964,0.0063999999999999994,0.0132,0.00023519999999999997
140,0.9958639049432861,0.0063999999999999994,0.0132,0.00023688
141,0.9957690434756306,0.0064,0.0132,0.00023856
142,0.9956728591246902,0.0064,0.0132,0.00024023999999999996
143,0.9955753475501705,0.0064,0.0132,0.00024191999999999996
144,0.9954765045297264,0.006399999999999999,0.0132,0.00024359999999999999
145,0.9953763259583515,0.0064,0.0132,0.00024528
146,0.9952748078477535,0.0063999999999999994,0.0132,0.00024695999999999995
147,0.995171946325715,0.006400000000000001,0.0132,0.00024863999999999995
148,0.9950677376354417,0.0064,0.0132,0.00025032
149,0.9949621781348967,0.0063999999999999994,0.0132,0.000252
150,0.9948552642961239,0.0063999999999999994,0.0132,0.00025367999999999994
151,0.994746992704558,0.0064,0.0132,0.00025536
152,0.9946373600583246,0.0063999999999999994,0.0132,0.00025704
153,0.9945263631675283,0.0064,0.0132,0.00025872
154,0.994413998953531,0.0064,0.0132,0.00026039999999999993
155,0.99430026444822,0.0064,0.0132,0.00026208
156,0.9941851567932666,0.006399999999999998,0.0132,0.00026376
157,0.9940686732393756,0.0064,0.0132,0.00026544
158,0.9939508111455266,0.0063999999999999994,0.0132,0.00026712
159,0.9938315679782058,0.0064,0.0132,0.0002688
160,0.9937109413106312,0.0063999999999999994,0.0132,0.00027047999999999997
161,0.99358892882197,0.0064,0.0132,0.00027215999999999997
162,0.9934655282965484,0.0063999999999999994,0.0132,0.00027383999999999997
163,0.9933407376230553,0.006400000000000001,0.0132,0.00027551999999999996
164,0.9932145547937391,0.0064,0.0132,0.00027719999999999996
165,0.9930869779035992,0.006399999999999999,0.0132,0.00027887999999999996
166,0.9929580051495713,0.0064,0.0132,0.00028056
167,0.9928276348297072,0.0063999999999999994,0.0132,0.00028223999999999995
168,0.9926958653423502,0.0063999999999999994,0.0132,0.00028391999999999995
169,0.9925626951853059,0.0063999999999999994,0.0132,0.0002856
170,0.9924281229550077,0.006399999999999999,0.0132,0.00028728
171,0.9922921473456793,0.0063999999999999994,0.0132,0.00028895999999999994
172,0.9921547671484929,0.0063999999999999994,0.0132,0.00029063999999999994
173,0.9920159812507244,0.0063999999999999994,0.0132,0.00029232
174,0.9918757886349047,0.006399999999999999,0.0132,0.000294
175,0.9917341883779685,0.0064,0.0132,0.00029567999999999993
176,0.991591179650401,0.0064,0.0132,0.00029736
177,0.9914467617153815,0.0063999999999999994,0.0132,0.00029904
178,0.9913009339279251,0.0063999999999999994,0.0132,0.00030072
179,0.9911536957340225,0.0064,0.0132,0.0003024
180,0.9910050466697784,0.0063999999999999994,0.0132,0.00030408
181,0.9908549863605488,0.006399999999999999,0.0132,0.00030575999999999997
182,0.9907035145200761,0.0063999999999999994,0.0132,0.00030743999999999997
183,0.9905506309496243,0.0063999999999999994,0.0132,0.00030911999999999997
184,0.9903963355371129,0.0063999999999999994,0.0132,0.00031079999999999997
185,0.9902406282562513,0.006399999999999999,0.0132,0.00031247999999999996
186,0.9900835091656709,0.006399999999999999,0.0132,0.00031415999999999996
187,0.9899249784080598,0.0063999999999999994,0.0132,0.00031583999999999996
188,0.9897650362092951,0.0063999999999999994,0.0132,0.00031751999999999996
189,0.9896036828775774,0.0063999999999999994,0.0132,0.00031919999999999995
190,0.9894409188025642,0.0064,0.0132,0.00032088
191,0.9892767444545056,0.006400000000000001,0.0132,0.00032256
192,0.9891111603833795,0.0063999999999999994,0.0132,0.00032423999999999994
193,0.9889441672180285,0.0063999999999999994,0.0132,0.00032591999999999994
194,0.9887757656652977,0.006399999999999999,0.0132,0.0003276
195,0.9886059565091742,0.0064,0.0132,0.00032928
196,0.9884347406099275,0.0063999999999999994,0.0132,0.00033095999999999993
197,0.9882621189032524,0.0064,0.0132,0.00033264
198,0.9880880923994126,0.0064,0.0132,0.00033432
199,0.9879126621823872,0.0063999999999999994,0.0132,0.000336
200,0.9877358294090186,0.0063999999999999994,0.0132,0.00033768
201,0.9875575953081633,0.0063999999999999994,0.0132,0.00033936
202,0.9873779611798446,0.006400000000000001,0.0132,0.00034104
203,0.9871969283944071,0.0064,0.0132,0.00034271999999999997
204,0.9870144983916757,0.0064,0.0132,0.00034439999999999997
205,0.9868306726801148,0.006399999999999999,0.0132,0.00034607999999999997
206,0.9866454528359928,0.0063999999999999994,0.0132,0.00034775999999999996
207,0.9864588405025474,0.0063999999999999994,0.0132,0.00034943999999999996
208,0.9862708373891554,0.0063999999999999994,0.0132,0.00035111999999999996
209,0.986081445270505,0.0064,0.0132,0.0003528
210,0.9858906659857712,0.0064,0.0132,0.00035447999999999995
211,0.9856985014377954,0.006400000000000001,0.0132,0.00035615999999999995
212,0.9855049535922669,0.0064,0.0132,0.00035784
213,0.9853100244769096,0.0064,0.0132,0.00035951999999999995
214,0.9851137161806715,0.0064,0.0132,0.00036119999999999994
215,0.9849160308529171,0.006399999999999999,0.0132,0.00036288
216,0.9847169707026258,0.0064,0.0132,0.00036455999999999994
217,0.9845165379975912,0.0063999999999999994,0.0132,0.00036624
218,0.984314735063627,0.0064,0.0132,0.00036792
219,0.9841115642837752,0.0063999999999999994,0.0132,0.00036959999999999993
220,0.9839070280975194,0.0063999999999999994,0.0132,0.00037128
221,0.9837011290000011,0.0064,0.0132,0.00037296
222,0.9834938695412413,0.0063999999999999994,0.0132,0.0003746399999999999
223,0.983285252325366,0.0064,0.0132,0.00037632
224,0.9830752800098357,0.0064,0.0132,0.0003779999999999999
225,0.9828639553046793,0.0064,0.0132,0.00037967999999999997
226,0.9826512809717332,0.0063999999999999994,0.0132,0.00038135999999999997
227,0.9824372598238837,0.0063999999999999994,0.0132,0.0003830399999999999
228,0.9822218947243152,0.0064,0.0132,0.00038471999999999996
229,0.9820051885857616,0.0063999999999999994,0.0132,0.00038639999999999996
230,0.9817871443697634,0.0063999999999999994,0.0132,0.00038808
231,0.9815677650859292,0.0064,0.0132,0.00038975999999999995
232,0.9813470537912015,0.006399999999999999,0.0132,0.00039143999999999995
233,0.9811250135891276,0.006400000000000001,0.0132,0.00039312
234,0.9809016476291356,0.006399999999999999,0.0132,0.00039479999999999995
235,0.9806769591058142,0.006399999999999999,0.0132,0.00039647999999999994
236,0.9804509512581986,0.0064,0.0132,0.00039816
237,0.9802236273690602,0.0064,0.0132,0.00039983999999999994
238,0.9799949907642018,0.006399999999999999,0.0132,0.00040152
239,0.9797650448117577,0.0063999999999999994,0.0132,0.0004032
240,0.9795337929214987,0.0064,0.0132,0.00040487999999999993
241,0.9793012385441415,0.006399999999999999,0.0132,0.00040656
242,0.9790673851706646,0.0063999999999999994,0.0132,0.00040824
243,0.9788322363316274,0.0063999999999999994,0.0132,0.0004099199999999999
244,0.9785957955964957,0.0064,0.0132,0.0004116
245,0.9783580665729714,0.0063999999999999994,0.0132,0.0004132799999999999
246,0.9781190529063283,0.006399999999999999,0.0132,0.00041495999999999997
247,0.9778787582787516,0.006399999999999999,0.0132,0.00041663999999999997
248,0.9776371864086838,0.0063999999999999994,0.0132,0.0004183199999999999
249,0.977394341050175,0.0064,0.0132,0.00041999999999999996
250,0.9771502259922383,0.0063999999999999994,0.0132,0.00042167999999999996
251,0.9769048450582112,0.006399999999999999,0.0132,0.0004233599999999999
252,0.9766582021051206,0.0063999999999999994,0.0132,0.00042503999999999996
253,0.9764103010230544,0.0064,0.0132,0.00042671999999999995
254,0.9761611457345378,0.0064,0.0132,0.0004284
255,0.9759107401939144,0.0063999999999999994,0.0132,0.00043007999999999995
256,0.9756590883867329,0.0064,0.0132,0.00043175999999999995
257,0.9754061943291383,0.0064,0.0132,0.00043344
258,0.9751520620672697,0.0063999999999999994,0.0132,0.00043511999999999994
259,0.9748966956766615,0.006399999999999999,0.014,0.0004368
260,0.974640099261651,0.0063999999999999994,0.014,0.00043848
261,0.9743822769547906,0.006399999999999998,0.014,0.00044015999999999993
262,0.9741232329162657,0.0063999999999999994,0.014,0.00044184
263,0.9738629713333167,0.0063999999999999994,0.014,0.00044351999999999993
264,0.9736014964196674,0.006399999999999998,0.014,0.0004451999999999999
265,0.973338812414958,0.0064,0.014,0.00044688
266,0.9730749235841827,0.0063999999999999994,0.014,0.0004485599999999999
267,0.9728098342171334,0.006399999999999999,0.014,0.00045023999999999997
268,0.972543548627848,0.006399999999999999,0.014,0.00045191999999999997
269,0.9722760711540636,0.0063999999999999994,0.014,0.0004535999999999999
270,0.9720074061566755,0.0063999999999999994,0.014,0.00045527999999999996
271,0.9717375580192006,0.0063999999999999994,0.014,0.00045695999999999996
272,0.9714665311472461,0.006399999999999998,0.014,0.0004586399999999999
273,0.9711943299679836,0.006399999999999999,0.014,0.00046031999999999996
274,0.9709209589296277,0.0063999999999999994,0.014,0.00046199999999999995
275,0.9706464225009199,0.006399999999999999,0.014,0.00046368
276,0.9703707251706178,0.006399999999999999,0.014,0.00046535999999999995
277,0.9700938714469888,0.006399999999999999,0.014,0.00046703999999999995
278,0.969815865857309,0.006399999999999998,0.014,0.00046872
279,0.9695367129473671,0.006399999999999999,0.014,0.00047039999999999994
280,0.9692564172809737,0.006399999999999998,0.014,0.00047207999999999994
281,0.9689749834394745,0.006399999999999999,0.014,0.00047376
282,0.9686924160212695,0.0063999999999999994,0.014,0.00047543999999999993
283,0.9684087196413363,0.006399999999999999,0.014,0.00047712
284,0.9681238989307588,0.006399999999999999,0.014,0.00047879999999999993
285,0.9678379585362605,0.006399999999999999,0.014,0.0004804799999999999
286,0.967550903119743,0.0064,0.014,0.00048216
287,0.9672627373578288,0.0063999999999999994,0.0148,0.0004838399999999999
288,0.9669734659414089,0.0063999999999999994,0.0148,0.00048551999999999997
289,0.9666830935751962,0.006399999999999999,0.0148,0.00048719999999999997
290,0.9663916249772825,0.006399999999999999,0.0148,0.0004888799999999999
291,0.9660990648787003,0.006399999999999998,0.0148,0.00049056
292,0.9658054180229905,0.006399999999999999,0.0148,0.0004922399999999999
293,0.965510689165773,0.006399999999999999,0.0148,0.0004939199999999999
294,0.9652148830743238,0.0063999999999999994,0.0156,0.0004956
295,0.9649180045271555,0.006399999999999999,0.0156,0.0004972799999999999
296,0.9646200583136025,0.006399999999999998,0.0156,0.00049896
297,0.9643210492334119,0.0063999999999999994,0.0156,0.00050064
298,0.9640209820963374,0.006399999999999999,0.0156,0.0005023199999999999
299,0.9637198617217387,0.0063999999999999994,0.0156,0.000504
300,0.9634176929381859,0.006399999999999999,0.0156,0.00050568
301,0.9631144805830669,0.006399999999999999,0.0156,0.0005073599999999999
302,0.9628102295022006,0.006399999999999999,0.0156,0.00050904
303,0.962504944549454,0.0063999999999999994,0.0156,0.00051072
304,0.9621986305863636,0.006399999999999999,0.0156,0.0005124
305,0.9618912924817616,0.006399999999999998,0.0156,0.00051408
306,0.9615829351114065,0.006399999999999999,0.0156,0.0005157599999999999
307,0.961273563357617,0.006399999999999998,0.0156,0.00051744
308,0.9609631821089122,0.006399999999999998,0.0156,0.00051912
309,0.9606517962596537,0.006399999999999998,0.0156,0.0005207999999999999
310,0.9603394107096941,0.006399999999999998,0.0156,0.00052248
311,0.9600260303640281,0.006399999999999998,0.0156,0.00052416
312,0.9597116601324492,0.006399999999999998,0.0156,0.00052584
313,0.9593963049292094,0.006399999999999999,0.0156,0.00052752
314,0.9590799696726834,0.0063999999999999994,0.0156,0.0005292
315,0.9587626592850378,0.006399999999999998,0.0156,0.00053088
316,0.9584443786919028,0.006399999999999999,0.0156,0.00053256
317,0.9581251328220496,0.006399999999999998,0.0156,0.00053424
318,0.9578049266070704,0.006399999999999999,0.0156,0.00053592
319,0.9574837649810635,0.0063999999999999994,0.0156,0.0005376
320,0.9571616528803216,0.006399999999999999,0.0156,0.00053928
321,0.9568385952430251,0.006399999999999998,0.0164,0.0005409599999999999
322,0.9565145970089377,0.006399999999999999,0.0164,0.0005426399999999999
323,0.9561896631191076,0.006399999999999999,0.0164,0.0005443199999999999
324,0.9558637985155712,0.006399999999999998,0.0164,0.0005459999999999999
325,0.955537008141062,0.006399999999999999,0.0164,0.0005476799999999999
326,0.9552092969387218,0.006399999999999999,0.0164,0.0005493599999999999
327,0.9548806698518167,0.006399999999999999,0.0164,0.0005510399999999999
328,0.9545511318234567,0.006399999999999998,0.0164,0.0005527199999999999
329,0.954220687796319,0.006399999999999999,0.0164,0.0005543999999999999
330,0.9538893427123744,0.006399999999999998,0.0164,0.0005560799999999999
331,0.9535571015126184,0.006399999999999998,0.0164,0.0005577599999999999
332,0.9532239691368054,0.006399999999999999,0.0164,0.0005594399999999999
333,0.9528899505231861,0.006399999999999998,0.0164,0.00056112
334,0.9525550506082494,0.006399999999999998,0.0164,0.0005627999999999999
335,0.9522192743264669,0.006399999999999998,0.0164,0.0005644799999999999
336,0.9518826266100419,0.006399999999999999,0.0164,0.00056616
337,0.9515451123886607,0.006399999999999999,0.0164,0.0005678399999999999
338,0.9512067365892488,0.006399999999999998,0.0164,0.0005695199999999999
339,0.9508675041357292,0.006399999999999998,0.0164,0.0005712
340,0.950527419948785,0.006399999999999999,0.0164,0.0005728799999999999
341,0.950186488945625,0.006399999999999997,0.0164,0.00057456
342,0.9498447160397525,0.006399999999999998,0.0164,0.00057624
343,0.9495021061407382,0.006399999999999997,0.0164,0.0005779199999999999
344,0.9491586641539952,0.006399999999999998,0.0164,0.0005796
345,0.9488143949805584,0.006399999999999999,0.0164,0.0005812799999999999
346,0.9484693035168664,0.006399999999999998,0.0164,0.0005829599999999999
347,0.948123394654547,0.0063999999999999994,0.0164,0.00058464
348,0.9477766732802055,0.006399999999999999,0.0164,0.0005863199999999999
349,0.9474291442752169,0.006399999999999998,0.0164,0.000588
350,0.9470808125155199,0.006399999999999999,0.0164,0.00058968
351,0.9467316828714158,0.006399999999999998,0.0164,0.0005913599999999999
352,0.946381760207369,0.006399999999999998,0.0164,0.00059304
353,0.9460310493818107,0.006399999999999998,0.0164,0.00059472
354,0.9456795552469468,0.006399999999999997,0.0164,0.0005964
355,0.9453272826485672,0.006399999999999999,0.0164,0.00059808
356,0.9449742364258593,0.006399999999999999,0.0164,0.00059976
357,0.9446204214112236,0.006399999999999997,0.0164,0.00060144
358,0.9442658424300927,0.006399999999999997,0.0164,0.00060312
359,0.9439105043007531,0.006399999999999998,0.0164,0.0006048
360,0.9435544118341697,0.006399999999999998,0.0164,0.00060648
361,0.9431975698338132,0.006399999999999998,0.0164,0.00060816
362,0.9428399830954906,0.006399999999999998,0.0164,0.00060984
363,0.9424816564071775,0.006399999999999998,0.0164,0.0006115199999999999
364,0.9421225945488546,0.006399999999999998,0.0164,0.0006131999999999999
365,0.9417628022923458,0.006399999999999999,0.0164,0.0006148799999999999
366,0.9414022844011593,0.006399999999999998,0.0164,0.0006165599999999999
367,0.9410410456303313,0.006399999999999999,0.0164,0.0006182399999999999
368,0.9406790907262731,0.006399999999999997,0.0164,0.0006199199999999999
369,0.9403164244266193,0.006399999999999999,0.0164,0.0006215999999999999
370,0.9399530514600801,0.006399999999999999,0.0164,0.0006232799999999999
371,0.9395889765462953,0.006399999999999998,0.0164,0.0006249599999999999
372,0.9392242043956909,0.006399999999999998,0.0164,0.0006266399999999999
373,0.9388587397093389,0.006399999999999998,0.0164,0.0006283199999999999
374,0.9384925871788183,0.0063999999999999994,0.0164,0.0006299999999999999
375,0.9381257514860804,0.006399999999999999,0.0164,0.0006316799999999999
376,0.9377582373033141,0.006399999999999997,0.0164,0.0006333599999999999
377,0.9373900492928163,0.006399999999999998,0.0164,0.0006350399999999999
378,0.9370211921068627,0.006399999999999998,0.0164,0.00063672
379,0.9366516703875817,0.006399999999999998,0.0164,0.0006383999999999999
380,0.9362814887668304,0.006399999999999998,0.0164,0.0006400799999999999
381,0.9359106518660737,0.006399999999999998,0.0164,0.00064176
382,0.9355391642962647,0.006399999999999999,0.0164,0.0006434399999999999
383,0.9351670306577277,0.006399999999999997,0.0164,0.00064512
384,0.9347942555400434,0.006399999999999998,0.0164,0.0006467999999999999
385,0.934420843521937,0.006399999999999999,0.0164,0.0006484799999999999
386,0.9340467991711674,0.006399999999999998,0.0164,0.00065016
387,0.9336721270444193,0.006399999999999997,0.0164,0.0006518399999999999
388,0.9332968316871969,0.006399999999999998,0.0164,0.0006535199999999999
389,0.9329209176337209,0.006399999999999997,0.0164,0.0006552
390,0.9325443894068257,0.006399999999999998,0.0164,0.0006568799999999999
391,0.9321672515178608,0.006399999999999999,0.0164,0.00065856
392,0.9317895084665925,0.006399999999999998,0.0164,0.00066024
393,0.9314111647411085,0.006399999999999998,0.0164,0.0006619199999999999
394,0.9310322248177247,0.006399999999999997,0.0164,0.0006636
395,0.9306526931608934,0.006399999999999998,0.0164,0.00066528
396,0.9302725742231136,0.006399999999999998,0.0164,0.0006669599999999999
397,0.9298918724448438,0.006399999999999999,0.0164,0.00066864
398,0.929510592254416,0.006399999999999998,0.0164,0.00067032
399,0.929128738067952,0.006399999999999997,0.0164,0.000672
400,0.9287463142892816,0.006399999999999999,0.0172,0.00067368
401,0.9283633253098622,0.006399999999999998,0.0172,0.00067536
402,0.9279797755087013,0.006399999999999998,0.0172,0.00067704
403,0.9275956692522793,0.006399999999999999,0.0172,0.00067872
404,0.9272110108944757,0.006399999999999998,0.0172,0.0006804
405,0.9268258047764957,0.006399999999999997,0.0172,0.00068208
406,0.9264400552267996,0.006399999999999998,0.0172,0.0006837599999999999
407,0.9260537665610334,0.006399999999999998,0.0172,0.0006854399999999999
408,0.9256669430819611,0.006399999999999997,0.0172,0.0006871199999999999
409,0.9252795890793986,0.006399999999999999,0.0172,0.0006887999999999999
410,0.9248917088301501,0.006399999999999998,0.0172,0.0006904799999999999
411,0.9245033065979456,0.006399999999999998,0.0172,0.0006921599999999999
412,0.9241143866333789,0.006399999999999998,0.0172,0.0006938399999999999
413,0.9237249531738496,0.006399999999999999,0.0172,0.0006955199999999999
414,0.9233350104435049,0.006399999999999998,0.0172,0.0006971999999999999
415,0.9229445626531833,0.006399999999999998,0.0172,0.0006988799999999999
416,0.9225536140003605,0.006399999999999997,0.0172,0.0007005599999999999
417,0.9221621686690963,0.006399999999999998,0.0172,0.0007022399999999999
418,0.9217702308299828,0.006399999999999997,0.0172,0.0007039199999999999
419,0.9213778046400948,0.006399999999999997,0.0172,0.0007056
420,0.9209848942429414,0.006399999999999998,0.0172,0.00070728
421,0.9205915037684186,0.006399999999999997,0.0172,0.0007089599999999999
422,0.9201976373327642,0.006399999999999998,0.0172,0.0007106399999999999
423,0.9198032990385134,0.006399999999999998,0.0172,0.0007123199999999999
424,0.9194084929744565,0.006399999999999998,0.0172,0.000714
425,0.9190132232155969,0.006399999999999999,0.0172,0.00071568
426,0.9186174938231118,0.006399999999999998,0.0172,0.0007173599999999999
427,0.9182213088443136,0.006399999999999998,0.0172,0.0007190399999999999
428,0.9178246723126127,0.006399999999999997,0.0172,0.0007207199999999999
429,0.917427588247481,0.006399999999999998,0.0172,0.0007223999999999999
430,0.9170300606544186,0.006399999999999997,0.0172,0.00072408
431,0.9166320935249194,0.006399999999999998,0.0172,0.00072576
432,0.9162336908364395,0.006399999999999998,0.0172,0.0007274399999999999
433,0.9158348565523668,0.006399999999999997,0.0172,0.0007291199999999999
434,0.9154355946219913,0.006399999999999998,0.0172,0.0007307999999999999
435,0.9150359089804767,0.0063999999999999994,0.0172,0.00073248
436,0.9146358035488337,0.006399999999999998,0.0172,0.00073416
437,0.9142352822338939,0.006399999999999998,0.0172,0.00073584
438,0.9138343489282857,0.006399999999999997,0.0172,0.0007375199999999999
439,0.9134330075104101,0.006399999999999999,0.0172,0.0007391999999999999
440,0.9130312618444189,0.006399999999999999,0.0172,0.00074088
441,0.9126291157801933,0.006399999999999997,0.0172,0.00074256
442,0.9122265731533242,0.006399999999999998,0.0172,0.00074424
443,0.9118236377850929,0.006399999999999999,0.0172,0.00074592
444,0.9114203134824534,0.006399999999999998,0.0172,0.0007475999999999998
445,0.9110166040380157,0.006399999999999997,0.0172,0.0007492799999999998
446,0.9106125132300298,0.006399999999999998,0.0172,0.00075096
447,0.9102080448223716,0.006399999999999997,0.0172,0.00075264
448,0.9098032025645288,0.006399999999999998,0.0172,0.00075432
449,0.9093979901915885,0.006399999999999998,0.0172,0.0007559999999999998
450,0.9089924114242257,0.006399999999999997,0.0172,0.0007576799999999998
451,0.9085864699686924,0.006399999999999998,0.0172,0.0007593599999999999
452,0.9081801695168084,0.006399999999999999,0.0172,0.0007610399999999999
453,0.9077735137459523,0.006399999999999998,0.0172,0.0007627199999999999
454,0.907366506319054,0.0063999999999999994,0.0172,0.0007643999999999999
455,0.9069591508845881,0.006399999999999998,0.0172,0.0007660799999999998
456,0.9065514510765675,0.006399999999999999,0.0172,0.00076776
457,0.9061434105145393,0.006399999999999997,0.0172,0.0007694399999999999
458,0.9057350328035798,0.006399999999999998,0.0172,0.0007711199999999999
459,0.9053263215342924,0.006399999999999997,0.0172,0.0007727999999999999
460,0.9049172802828046,0.006399999999999997,0.0172,0.0007744799999999999
461,0.9045079126107669,0.006399999999999997,0.0172,0.00077616
462,0.9040982220653523,0.006399999999999998,0.0172,0.00077784
463,0.9036882121792563,0.006399999999999997,0.0172,0.0007795199999999999
464,0.9032778864706985,0.006399999999999998,0.0172,0.0007811999999999999
465,0.9028672484434239,0.006399999999999998,0.0172,0.0007828799999999999
466,0.9024563015867063,0.006399999999999997,0.0172,0.0007845599999999999
467,0.9020450493753513,0.006399999999999997,0.0172,0.00078624
468,0.9016334952697008,0.006399999999999997,0.0172,0.0007879199999999999
469,0.9012216427156381,0.006399999999999997,0.0172,0.0007895999999999999
470,0.9008094951445936,0.006399999999999997,0.0172,0.0007912799999999999
471,0.9003970559735515,0.006399999999999997,0.0172,0.0007929599999999999
472,0.8999843286050566,0.006399999999999996,0.0172,0.00079464
473,0.8995713164272232,0.006399999999999997,0.0172,0.00079632
474,0.899158022813743,0.006399999999999997,0.0172,0.0007979999999999999
475,0.8987444511238948,0.006399999999999998,0.0172,0.0007996799999999999
476,0.8983306047025547,0.006399999999999997,0.0172,0.0008013599999999999
477,0.8979164868802066,0.006399999999999997,0.0172,0.00080304
478,0.8975021009729542,0.006399999999999997,0.0172,0.00080472
479,0.8970874502825323,0.006399999999999997,0.0172,0.0008064
480,0.8966725380963201,0.006399999999999999,0.0172,0.0008080799999999999
481,0.8962573676873543,0.006399999999999997,0.0172,0.0008097599999999999
482,0.8958419423143433,0.006399999999999998,0.0172,0.00081144
483,0.8954262652216818,0.006399999999999997,0.0172,0.00081312
484,0.8950103396394656,0.006399999999999997,0.0172,0.0008148
485,0.8945941687835082,0.006399999999999997,0.0172,0.00081648
486,0.8941777558553562,0.006399999999999998,0.0172,0.0008181599999999999
487,0.8937611040423072,0.006399999999999997,0.0172,0.0008198399999999998
488,0.8933442165174269,0.006399999999999998,0.0172,0.00082152
489,0.8929270964395669,0.006399999999999997,0.0172,0.0008232
490,0.8925097469533839,0.006399999999999997,0.0172,0.00082488
491,0.8920921711893587,0.006399999999999997,0.0172,0.0008265599999999998
492,0.8916743722638156,0.006399999999999997,0.0172,0.0008282399999999998
493,0.891256353278943,0.006399999999999997,0.0172,0.0008299199999999999
494,0.8908381173228139,0.006399999999999997,0.0172,0.0008315999999999999
495,0.8904196674694073,0.006399999999999998,0.0172,0.0008332799999999999
496,0.8900010067786297,0.006399999999999997,0.0172,0.0008349599999999999
497,0.8895821382963377,0.006399999999999997,0.0172,0.0008366399999999998
498,0.8891630650543602,0.006399999999999997,0.0172,0.00083832
499,0.8887437900705217,0.006399999999999997,0.0176,0.0008399999999999999
500,0.8883243163486665,0.006399999999999997,0.0176,0.0008416799999999999
501,0.8879046468786818,0.006399999999999996,0.0176,0.0008433599999999999
502,0.8874847846365228,0.006399999999999997,0.0176,0.0008450399999999999
503,0.8870647325842377,0.006399999999999997,0.0176,0.0008467199999999998
504,0.8866444936699927,0.006399999999999999,0.0176,0.0008483999999999999
505,0.886224070828098,0.006399999999999998,0.0176,0.0008500799999999999
506,0.8858034669790341,0.006399999999999997,0.0176,0.0008517599999999999
507,0.8853826850294783,0.006399999999999997,0.0176,0.0008534399999999999
508,0.8849617278723313,0.006399999999999997,0.0176,0.0008551199999999998
509,0.8845405983867455,0.006399999999999997,0.0176,0.0008568
510,0.8841192994381518,0.006399999999999997,0.0176,0.0008584799999999999
511,0.8836978338782886,0.006399999999999997,0.0176,0.0008601599999999999
512,0.8832762045452295,0.006399999999999997,0.0176,0.0008618399999999999
513,0.8828544142634127,0.006399999999999997,0.0176,0.0008635199999999999
514,0.8824324658436701,0.006399999999999997,0.0176,0.0008652
515,0.8820103620832568,0.006399999999999996,0.0176,0.00086688
516,0.8815881057658811,0.006399999999999997,0.0176,0.0008685599999999999
517,0.8811656996617345,0.006399999999999997,0.0176,0.0008702399999999999
518,0.8807431465275226,0.006399999999999996,0.0176,0.0008719199999999999
519,0.8803204491064958,0.006399999999999995,0.0176,0.0008736
520,0.8798976101284802,0.006399999999999997,0.0176,0.00087528
521,0.8794746323099099,0.006399999999999996,0.0176,0.00087696
522,0.8790515183538576,0.006399999999999997,0.0176,0.0008786399999999999
523,0.8786282709500681,0.006399999999999996,0.0176,0.0008803199999999999
524,0.8782048927749894,0.006399999999999997,0.0176,0.0008819999999999999
525,0.8777813864918059,0.006399999999999998,0.0176,0.00088368
526,0.8773577547504715,0.006399999999999997,0.0176,0.00088536
527,0.8769340001877425,0.006399999999999996,0.0176,0.0008870399999999999
528,0.876510125427211,0.006399999999999997,0.0176,0.0008887199999999999
529,0.8760861330793388,0.006399999999999996,0.0176,0.0008903999999999999
530,0.8756620257414913,0.006399999999999997,0.0176,0.00089208
531,0.8752378059979719,0.006399999999999996,0.0176,0.00089376
532,0.8748134764200557,0.006399999999999997,0.0176,0.00089544
533,0.8743890395660251,0.006399999999999997,0.0176,0.0008971199999999998
534,0.8739644979812041,0.006399999999999995,0.0176,0.0008987999999999998
535,0.8735398541979936,0.006399999999999997,0.0176,0.0009004799999999999
536,0.8731151107359069,0.006399999999999997,0.0176,0.0009021599999999999
537,0.8726902701016048,0.006399999999999995,0.0176,0.0009038399999999999
538,0.8722653347889319,0.006399999999999997,0.0176,0.0009055199999999999
539,0.8718403072789519,0.006399999999999996,0.0176,0.0009071999999999998
540,0.8714151900399845,0.006399999999999996,0.0176,0.0009088799999999998
541,0.8709899855276411,0.006399999999999997,0.0176,0.0009105599999999999
542,0.8705646961848615,0.006399999999999997,0.0176,0.0009122399999999999
543,0.8701393244419511,0.006399999999999997,0.0176,0.0009139199999999999
544,0.8697138727166167,0.006399999999999997,0.0176,0.0009155999999999999
545,0.8692883434140047,0.006399999999999997,0.0176,0.0009172799999999998
546,0.8688627389267376,0.006399999999999997,0.0176,0.0009189599999999999
547,0.8684370616349514,0.006399999999999997,0.0176,0.0009206399999999999
548,0.8680113139063335,0.006399999999999997,0.0176,0.0009223199999999999
549,0.8675854980961599,0.006399999999999996,0.0176,0.0009239999999999999
550,0.8671596165473338,0.006399999999999997,0.0176,0.0009256799999999998
551,0.8667336715904224,0.006399999999999997,0.0176,0.00092736
552,0.8663076655436961,0.006399999999999997,0.0176,0.0009290399999999999
553,0.8658816007131662,0.006399999999999996,0.0176,0.0009307199999999999
554,0.8654554793926235,0.006399999999999997,0.0176,0.0009323999999999999
555,0.8650293038636763,0.006399999999999996,0.0176,0.0009340799999999999
556,0.8646030763957896,0.006399999999999997,0.0176,0.00093576
557,0.8641767992463236,0.006399999999999997,0.0176,0.00093744
558,0.8637504746605726,0.006399999999999997,0.0176,0.0009391199999999999
559,0.8633241048718039,0.006399999999999997,0.0176,0.0009407999999999999
560,0.8628976921012967,0.006399999999999997,0.0176,0.0009424799999999999
561,0.8624712385583817,0.006399999999999997,0.0176,0.0009441599999999999
562,0.8620447464404799,0.006399999999999997,0.0176,0.00094584
563,0.8616182179331422,0.006399999999999997,0.0176,0.00094752
564,0.8611916552100887,0.006399999999999997,0.0176,0.0009491999999999999
565,0.8607650604332484,0.006399999999999997,0.0176,0.0009508799999999999
566,0.8603384357527988,0.006399999999999997,0.0176,0.0009525599999999999
567,0.8599117833072053,0.006399999999999997,0.0176,0.00095424
568,0.8594851052232614,0.006399999999999997,0.0176,0.00095592
569,0.8590584036161282,0.006399999999999997,0.0176,0.0009575999999999999
570,0.8586316805893743,0.006399999999999996,0.0176,0.0009592799999999999
571,0.8582049382350161,0.006399999999999997,0.0176,0.0009609599999999999
572,0.8577781786335574,0.006399999999999997,0.0176,0.00096264
573,0.8573514038540299,0.006399999999999995,0.0176,0.00096432
574,0.8569246159540329,0.006399999999999996,0.0176,0.000966
575,0.8564978169797741,0.006399999999999997,0.0176,0.0009676799999999998
576,0.8560710089661092,0.006399999999999997,0.0176,0.0009693599999999998
577,0.8556441939365825,0.006399999999999997,0.0184,0.0009710399999999999
578,0.8552173739034674,0.006399999999999996,0.0192,0.0009727199999999999
579,0.8547905508678063,0.006399999999999996,0.0192,0.0009743999999999999
580,0.8543637268194516,0.006399999999999996,0.0192,0.0009760799999999999
581,0.8539369037371056,0.006399999999999996,0.0192,0.0009777599999999998
582,0.8535100835883614,0.006399999999999997,0.0192,0.0009794399999999998
583,0.853083268329743,0.006399999999999996,0.0192,0.00098112
584,0.8526564599067462,0.006399999999999996,0.0192,0.0009828
585,0.852229660253879,0.006399999999999997,0.0192,0.0009844799999999998
586,0.8518028712947021,0.006399999999999997,0.0192,0.0009861599999999998
587,0.8513760949418694,0.006399999999999996,0.0192,0.0009878399999999998
588,0.850949333097169,0.006399999999999997,0.0192,0.00098952
589,0.8505225876515634,0.006399999999999996,0.0192,0.0009912
590,0.8500958604852303,0.006399999999999996,0.0192,0.0009928799999999998
591,0.8496691534676033,0.006399999999999997,0.0192,0.0009945599999999998
592,0.8492424684574122,0.006399999999999997,0.0192,0.0009962399999999998
593,0.8488158073027242,0.006399999999999996,0.0192,0.00099792
594,0.8483891718409838,0.006399999999999997,0.0192,0.0009996
595,0.8479625638990541,0.006399999999999997,0.0192,0.00100128
596,0.8475359852932571,0.006399999999999997,0.0192,0.0010029599999999998
597,0.8471094378294144,0.006399999999999997,0.0192,0.0010046399999999998
598,0.8466829233028876,0.006399999999999997,0.0192,0.0010063199999999998
599,0.8462564434986193,0.006399999999999996,0.0192,0.001008
600,0.8458300001911733,0.006399999999999996,0.0192,0.00100968
601,0.8454035951447753,0.006399999999999997,0.0192,0.00101136
602,0.8449772301133534,0.006399999999999997,0.02,0.0010130399999999998
603,0.8445509068405788,0.006399999999999997,0.02,0.0010147199999999998
604,0.8441246270599061,0.006399999999999996,0.02,0.0010164
605,0.8436983924946139,0.006399999999999996,0.02,0.00101808
606,0.8432722048578452,0.006399999999999996,0.02,0.00101976
607,0.8428460658526477,0.006399999999999996,0.02,0.00102144
608,0.8424199771720142,0.006399999999999997,0.02,0.0010231199999999998
609,0.8419939404989235,0.006399999999999996,0.02,0.0010248
610,0.8415679575063799,0.006399999999999996,0.02,0.00102648
611,0.8411420298574539,0.006399999999999997,0.02,0.00102816
612,0.8407161592053225,0.006399999999999997,0.02,0.00102984
613,0.8402903471933092,0.006399999999999996,0.02,0.0010315199999999997
614,0.8398645954549244,0.006399999999999996,0.02,0.0010332
615,0.8394389056139054,0.006399999999999997,0.02,0.00103488
616,0.8390132792842564,0.006399999999999997,0.02,0.00103656
617,0.8385877180702885,0.006399999999999995,0.02,0.00103824
618,0.83816222356666,0.006399999999999997,0.02,0.00103992
619,0.8377367973584161,0.006399999999999997,0.02,0.0010415999999999997
620,0.8373114410210285,0.006399999999999996,0.02,0.00104328
621,0.8368861561204359,0.006399999999999997,0.02,0.00104496
622,0.8364609442130831,0.006399999999999997,0.02,0.00104664
623,0.8360358068459613,0.006399999999999997,0.02,0.00104832
624,0.8356107455566472,0.006399999999999997,0.02,0.00105
625,0.8351857618733428,0.006399999999999996,0.02,0.00105168
626,0.8347608573149153,0.006399999999999997,0.02,0.00105336
627,0.8343360333909362,0.006399999999999996,0.02,0.00105504
628,0.8339112916017206,0.006399999999999996,0.02,0.00105672
629,0.8334866334383668,0.006399999999999997,0.02,0.0010584
630,0.8330620603827957,0.006399999999999997,0.02,0.00106008
631,0.8326375739077897,0.006399999999999996,0.02,0.00106176
632,0.832213175477032,0.006399999999999996,0.02,0.00106344
633,0.8317888665451456,0.006399999999999995,0.02,0.00106512
634,0.8313646485577325,0.006399999999999995,0.02,0.0010668
635,0.8309405229514124,0.006399999999999997,0.02,0.00106848
636,0.8305164911538617,0.006399999999999997,0.02,0.00107016
637,0.8300925545838523,0.006399999999999996,0.02,0.00107184
638,0.8296687146512903,0.006399999999999997,0.02,0.00107352
639,0.8292449727572544,0.006399999999999996,0.02,0.0010752
640,0.8288213302940348,0.006399999999999997,0.02,0.00107688
641,0.8283977886451717,0.006399999999999997,0.02,0.00107856
642,0.8279743491854932,0.006399999999999997,0.02,0.0010802399999999999
643,0.8275510132811542,0.006399999999999996,0.02,0.0010819199999999999
644,0.8271277822896743,0.006399999999999995,0.02,0.0010835999999999999
645,0.8267046575599761,0.006399999999999996,0.02,0.0010852799999999999
646,0.8262816404324234,0.006399999999999996,0.02,0.0010869599999999999
647,0.8258587322388585,0.006399999999999996,0.02,0.0010886399999999999
648,0.8254359343026412,0.006399999999999997,0.02,0.0010903199999999999
649,0.8250132479386856,0.006399999999999997,0.02,0.0010919999999999999
650,0.8245906744534984,0.006399999999999995,0.02,0.0010936799999999999
651,0.8241682151452164,0.006399999999999995,0.02,0.0010953599999999999
652,0.8237458713036442,0.006399999999999996,0.02,0.0010970399999999999
653,0.8233236442102911,0.006399999999999996,0.02,0.0010987199999999999
654,0.8229015351384094,0.006399999999999996,0.02,0.0011003999999999999
655,0.8224795453530306,0.006399999999999996,0.02,0.0011020799999999999
656,0.8220576761110036,0.006399999999999995,0.02,0.0011037599999999999
657,0.8216359286610311,0.006399999999999997,0.02,0.0011054399999999999
658,0.8212143042437069,0.006399999999999996,0.02,0.0011071199999999998
659,0.8207928040915526,0.006399999999999996,0.02,0.0011087999999999998
660,0.8203714294290548,0.006399999999999996,0.02,0.0011104799999999998
661,0.8199501814727014,0.006399999999999995,0.02,0.0011121599999999998
662,0.8195290614310183,0.006399999999999996,0.02,0.00111384
663,0.8191080705046063,0.006399999999999995,0.02,0.0011155199999999998
664,0.8186872098861769,0.006399999999999996,0.02,0.0011171999999999998
665,0.8182664807605893,0.006399999999999996,0.02,0.0011188799999999998
666,0.8178458843048859,0.006399999999999996,0.02,0.0011205599999999998
667,0.8174254216883291,0.006399999999999995,0.02,0.00112224
668,0.8170050940724369,0.006399999999999996,0.02,0.0011239199999999998
669,0.8165849026110191,0.006399999999999996,0.02,0.0011255999999999998
670,0.8161648484502129,0.006399999999999995,0.0208,0.0011272799999999998
671,0.8157449327285186,0.006399999999999996,0.0208,0.0011289599999999998
672,0.8153251565768356,0.006399999999999995,0.0208,0.00113064
673,0.8149055211184975,0.006399999999999996,0.0208,0.00113232
674,0.8144860274693076,0.006399999999999995,0.0208,0.0011339999999999998
675,0.8140666767375747,0.006399999999999995,0.0208,0.0011356799999999998
676,0.8136474700241474,0.006399999999999996,0.0208,0.0011373599999999998
677,0.81322840842245,0.006399999999999995,0.0208,0.0011390399999999998
678,0.8128094930185171,0.006399999999999995,0.0208,0.00114072
679,0.8123907248910287,0.006399999999999995,0.0208,0.0011424
680,0.8119721051113448,0.006399999999999995,0.0208,0.0011440799999999998
681,0.8115536347435401,0.006399999999999996,0.0208,0.0011457599999999998
682,0.811135314844439,0.006399999999999996,0.0208,0.0011474399999999998
683,0.8107171464636493,0.006399999999999997,0.0208,0.00114912
684,0.8102991306435973,0.006399999999999996,0.0208,0.0011508
685,0.8098812684195615,0.006399999999999996,0.0208,0.00115248
686,0.8094635608197073,0.006399999999999995,0.0208,0.0011541599999999998
687,0.8090460088651203,0.006399999999999995,0.0208,0.0011558399999999998
688,0.8086286135698412,0.006399999999999996,0.0208,0.00115752
689,0.8082113759408985,0.006399999999999994,0.0208,0.0011592
690,0.8077942969783434,0.006399999999999996,0.0208,0.00116088
691,0.8073773776752823,0.006399999999999996,0.0208,0.0011625599999999998
692,0.806960619017911,0.006399999999999996,0.0208,0.0011642399999999998
693,0.8065440219855481,0.006399999999999995,0.0208,0.0011659199999999998
694,0.8061275875506676,0.006399999999999995,0.0208,0.0011676
695,0.8057113166789329,0.006399999999999995,0.0208,0.00116928
696,0.8052952103292293,0.006399999999999995,0.0208,0.00117096
697,0.8048792694536973,0.006399999999999996,0.0208,0.0011726399999999998
698,0.8044634949977649,0.006399999999999995,0.0208,0.0011743199999999997
699,0.8040478879001811,0.006399999999999995,0.0208,0.001176
700,0.8036324490930478,0.006399999999999996,0.0208,0.00117768
701,0.8032171795018526,0.006399999999999996,0.0208,0.00117936
702,0.8028020800455014,0.006399999999999997,0.0208,0.00118104
703,0.8023871516363501,0.006399999999999994,0.0208,0.0011827199999999997
704,0.8019723951802374,0.006399999999999995,0.0208,0.0011844
705,0.8015578115765166,0.006399999999999995,0.0208,0.00118608
706,0.8011434017180873,0.006399999999999995,0.0208,0.00118776
707,0.8007291664914273,0.006399999999999996,0.0208,0.00118944
708,0.800315106776625,0.006399999999999996,0.0208,0.00119112
709,0.7999012234474099,0.006399999999999996,0.0208,0.0011928
710,0.7994875173711848,0.006399999999999995,0.0208,0.00119448
711,0.7990739894090573,0.006399999999999995,0.0208,0.00119616
712,0.7986606404158704,0.006399999999999995,0.0208,0.00119784
713,0.7982474712402342,0.006399999999999995,0.0208,0.00119952
714,0.7978344827245568,0.006399999999999994,0.0208,0.0012011999999999997
715,0.7974216757050752,0.006399999999999995,0.0208,0.00120288
716,0.797009051011886,0.006399999999999996,0.0208,0.00120456
717,0.7965966094689764,0.006399999999999996,0.0208,0.00120624
718,0.7961843518942544,0.006399999999999996,0.0208,0.00120792
719,0.7957722790995797,0.006399999999999994,0.0208,0.0012096
720,0.7953603918907938,0.006399999999999994,0.0208,0.00121128
721,0.7949486910677501,0.006399999999999994,0.0208,0.00121296
722,0.7945371774243445,0.006399999999999995,0.0208,0.00121464
723,0.7941258517485449,0.006399999999999994,0.0208,0.00121632
724,0.7937147148224215,0.006399999999999995,0.0208,0.001218
725,0.7933037674221765,0.006399999999999993,0.0208,0.00121968
726,0.7928930103181735,0.006399999999999995,0.0208,0.00122136
727,0.7924824442749676,0.006399999999999995,0.0208,0.0012230399999999999
728,0.7920720700513345,0.006399999999999995,0.0208,0.0012247199999999999
729,0.7916618884002999,0.006399999999999994,0.0208,0.0012263999999999999
730,0.7912519000691688,0.006399999999999994,0.0208,0.0012280799999999999
731,0.7908421057995544,0.006399999999999995,0.0208,0.0012297599999999999
732,0.7904325063274075,0.006399999999999995,0.0208,0.0012314399999999999
733,0.790023102383045,0.006399999999999994,0.0208,0.0012331199999999999
734,0.7896138946911789,0.006399999999999994,0.0208,0.0012347999999999999
735,0.7892048839709452,0.006399999999999994,0.0208,0.0012364799999999999
736,0.7887960709359318,0.006399999999999995,0.0208,0.0012381599999999999
737,0.7883874562942076,0.006399999999999994,0.0208,0.0012398399999999999
738,0.7879790407483503,0.006399999999999995,0.0208,0.0012415199999999999
739,0.7875708249954753,0.006399999999999995,0.0208,0.0012431999999999999
740,0.7871628097272628,0.006399999999999995,0.0208,0.0012448799999999999
741,0.7867549956299871,0.006399999999999994,0.0208,0.0012465599999999999
742,0.7863473833845432,0.006399999999999995,0.0208,0.0012482399999999999
743,0.7859399736664757,0.006399999999999994,0.0208,0.0012499199999999999
744,0.7855327671460054,0.006399999999999995,0.0208,0.0012515999999999998
745,0.7851257644880577,0.006399999999999996,0.0208,0.0012532799999999998
746,0.7847189663522897,0.006399999999999995,0.0208,0.00125496
747,0.7843123733931173,0.006399999999999994,0.0208,0.0012566399999999998
748,0.7839059862597431,0.006399999999999996,0.0208,0.0012583199999999998
749,0.7834998055961826,0.006399999999999995,0.0208,0.0012599999999999998
750,0.7830938320412921,0.006399999999999995,0.0208,0.0012616799999999998
751,0.7826880662287949,0.006399999999999995,0.0208,0.0012633599999999998
752,0.7822825087873084,0.006399999999999995,0.0208,0.0012650399999999998
753,0.7818771603403708,0.006399999999999996,0.0208,0.0012667199999999998
754,0.7814720215064674,0.006399999999999996,0.0208,0.0012683999999999998
755,0.7810670928990574,0.006399999999999995,0.0208,0.0012700799999999998
756,0.7806623751265999,0.006399999999999994,0.0208,0.0012717599999999998
757,0.7802578687925802,0.006399999999999996,0.0208,0.00127344
758,0.7798535744955364,0.006399999999999995,0.0208,0.0012751199999999998
759,0.7794494928290846,0.006399999999999996,0.0208,0.0012767999999999998
760,0.7790456243819455,0.006399999999999997,0.0208,0.0012784799999999998
761,0.7786419697379696,0.006399999999999996,0.0208,0.0012801599999999998
762,0.7782385294761636,0.006399999999999995,0.0208,0.00128184
763,0.7778353041707151,0.006399999999999996,0.0208,0.00128352
764,0.7774322943910189,0.006399999999999996,0.0208,0.0012851999999999998
765,0.777029500701702,0.006399999999999995,0.0208,0.0012868799999999998
766,0.7766269236626485,0.006399999999999997,0.0208,0.0012885599999999998
767,0.7762245638290255,0.006399999999999995,0.0208,0.00129024
768,0.7758224217513076,0.006399999999999995,0.0208,0.00129192
769,0.7754204979753019,0.006399999999999994,0.0208,0.0012935999999999998
770,0.7750187930421729,0.006399999999999995,0.0208,0.0012952799999999998
771,0.7746173074884674,0.006399999999999994,0.0208,0.0012969599999999998
772,0.7742160418461386,0.006399999999999995,0.0208,0.0012986399999999998
773,0.7738149966425713,0.006399999999999994,0.0208,0.00130032
774,0.7734141724006057,0.006399999999999995,0.0208,0.001302
775,0.773013569638562,0.006399999999999995,0.0208,0.0013036799999999998
776,0.7726131888702646,0.006399999999999996,0.0208,0.0013053599999999998
777,0.772213030605066,0.006399999999999995,0.0208,0.0013070399999999998
778,0.7718130953478708,0.006399999999999993,0.0208,0.00130872
779,0.7714133835991599,0.006399999999999995,0.0208,0.0013104
780,0.7710138958550139,0.006399999999999996,0.0208,0.00131208
781,0.7706146326071369,0.006399999999999996,0.0208,0.0013137599999999998
782,0.7702155943428802,0.006399999999999995,0.0208,0.0013154399999999998
783,0.7698167815452654,0.006399999999999995,0.0208,0.00131712
784,0.7694181946930082,0.006399999999999994,0.0208,0.0013188
785,0.7690198342605413,0.006399999999999995,0.0208,0.00132048
786,0.7686217007180377,0.006399999999999994,0.0208,0.00132216
787,0.7682237945314339,0.006399999999999995,0.0208,0.0013238399999999997
788,0.7678261161624523,0.006399999999999995,0.0208,0.0013255199999999997
789,0.767428666068625,0.006399999999999995,0.0208,0.0013272
790,0.7670314447033155,0.006399999999999994,0.0208,0.00132888
791,0.7666344525157421,0.006399999999999997,0.0208,0.00133056
792,0.766237689951,0.006399999999999995,0.0208,0.0013322399999999997
793,0.7658411574500837,0.006399999999999995,0.0208,0.0013339199999999997
794,0.7654448554499101,0.006399999999999995,0.0208,0.0013356
795,0.7650487843833398,0.006399999999999994,0.0208,0.00133728
796,0.7646529446791995,0.006399999999999994,0.0208,0.00133896
797,0.7642573367623043,0.006399999999999996,0.0208,0.00134064
798,0.7638619610534797,0.006399999999999994,0.0208,0.0013423199999999997
799,0.7634668179695828,0.006399999999999996,0.0208,0.001344
